id,startup_id,tipo,titulo,conteudo_texto,url_fonte,data_publicacao
doc-01-1,startup-01,site institucional,Traive - pagina inicial,"Traive conecta produtores agricolas ao mercado de capitais atraves de duas frentes: Traive Agro (comercializacao de credito) e Traive Finance (analise de risco e acesso a investimentos). Usa IA proprietaria para gerar score de credito e automatizar a esteira de analise, atendendo mais de 160 mil produtores cadastrados e movimentando cerca de R$60 bilhoes em ativos de credito agricola. [OBS: este documento e um resumo, nao a transcricao literal da pagina - substituir pelo texto bruto completo se quiser padronizar com os demais]",https://traive.com.br,nao encontrado
doc-01-2,startup-01,noticia,Traive capta US$ 20 milhoes em rodada com Banco do Brasil,"Traive anunciou rodada de US$20 milhoes com participacao do Banco do Brasil, via fundo BB Impacto ASG I, gerido pela Vox Capital. A tecnologia avalia mais de 2500 pontos de dados para criar perfis de risco no agronegocio, com metodologia revisada pela ACM (Association for Computing Machinery). O CEO Fabricio Pezente afirmou que o capital sera usado para aprimorar a tecnologia, expandir operacoes no Brasil e lancar uma plataforma de negociacao de credito conectando fornecedores de insumos ao mercado de capitais. Rodrigo Vasconcelos, diretor de negocios digitais do Banco do Brasil, disse que as solucoes podem acelerar o processo de transformacao digital da instituicao financeira. [OBS: resumo, nao transcricao literal]",https://traive.com.br/en/blog/imprensa/traive-capta-us-20-milhoes-em-rodada-com-banco-do-brasil/,nao encontrado
doc-01-3,startup-01,noticia,Traive levanta US$10 milhoes com braco de VC da alema BASF,"Fintech do credito agricola fundada por capixabas recebeu aporte da BASF Venture Capital, reforcando o uso de inteligencia artificial da empresa para analise de risco de credito no agronegocio. [OBS: resumo, nao transcricao literal]",https://braziljournal.com/traive-levanta-us-10-milhoes-com-a-basf/,nao encontrado
doc-02-1,startup-02,site institucional,Nagro: Crédito Agro Sem Burocracia,"Descomplicamos o dinheiro para você focar no que importa: produzir. Fintech regulada pelo Banco Central, especializada no agronegócio brasileiro. Soluções 100% digitais voltadas para o produtor rural. BACEN Regulada. Sem garantia real. Aprovação em 24h. 27 estados. Crédito regulado, com a velocidade do campo. Da origem do capital ao PIX na sua conta — em quatro etapas auditadas pelo Banco Central. Mesma régua dos grandes bancos. Sem o ritual deles. Os 4 passos do crédito nagro. Como o mercado avalia você. Quatro pilares que decidem se o seu crédito é aprovado. Histórico de adimplência. Capacidade de geração de receita. Relacionamento bancário. Score e bureaus de crédito. Crédito, conhecimento e clareza sobre o seu perfil. Capital para cada momento da operação. Conhecimento prático para decidir melhor. Descubra como os bancos avaliam você. O mercado já viu o seu CPF. Você não. Prepare-se para um novo padrão de agro. Crédito em 24h. Educação aplicada. Identidade do Produtor. BACEN regulada. Histórias do campo, números reais. Quase uma década conectando capital institucional ao campo brasileiro. Líderes do futuro. Mais de 100 pessoas que escolheram dedicar a carreira a uma tese específica. Construímos a tese. Provamos em escala. Mais de R$ 700 milhões operados desde 2017. Mais de 16 mil produtores rurais atendidos. Aplicativo baixado por mais de 100 mil produtores. Fundada em 2017 em Uberlândia, Minas Gerais.",https://nagro.com.br/,nao encontrado
doc-02-2,startup-02,noticia,"Nagro, a fintech do pequeno produtor rural, atrai o Rabobank e o Itaú","A Nagro captou uma série B de R$ 50 milhões junto ao Rabobank e ao Itaú, depois de já ter levantado R$ 47 milhões em rodadas anteriores, totalizando R$ 97 milhões captados até aqui. O valuation não foi divulgado. Em 2025 a empresa originou R$ 115 milhões em crédito e projeta cerca de R$ 200 milhões para 2026, depois de crescer 50% em receita em 2025 e alcançar EBITDA positivo. A companhia foi fundada por Gustavo Alves, Leonardo Rodovalho e Vinícius Dutra e opera duas verticais: uma fintech de crédito direto para produtores rurais de pequeno e médio porte, com faturamento anual entre R$ 500 mil e R$ 20 milhões, e a AgRisk, plataforma de analytics que atende 1.400 provedores de crédito, entre eles o Banco Cargill e a Coopercitrus. ""Our idea was using technology to significantly reduce that cost of service and make these transactions viable"", diz o fundador Gustavo Alves. Os recursos da rodada serão reinvestidos em análise de crédito com inteligência artificial e na expansão da plataforma, mantendo a operação rentável.",https://braziljournal.com/nagro-a-fintech-do-pequeno-produtor-rural-atrai-o-rabobank-e-o-itau/,2026-01-21
doc-02-3,startup-02,noticia,Brazilian Agro-Fintech Startup Nagro Raises USD $49M to Offer Credit to Rural Producers,"Nagro, a Brazilian agro-fintech startup that provides credit to rural producers, has raised a Series A funding round worth USD $49M through a mix of credit and equity financing. The round included the participation of Kinea Ventures and Revolution funds. The funds raised will be used to invest in the expansion of Nagro's two main verticals: 1. The analysis and monitoring of credit risk for companies through the AgRisk platform. 2. The provision of credit through the two already captured Fiagros. In total, Nagro has disbursed over USD $60M to more than 5,000 rural producers, all serviced 100% digitally. ""We want to help improve the quality of credit granted, support the industry and distributors in conducting more business with technology and smart credit, and primarily assist small and medium-sized producers in all phases of their business, from short-term working capital operations to long-term investments,"" says Mateus Carrijo, CMO of Nagro. Currently, more than 500,000 rural producers have already been analyzed by the AgRisk platform. Credit provision is spread across 40 different crops and in over 2,000 municipalities.",https://www.hyperlatam.com/nagro-raises-usd-49m/,2023-09-25
doc-03-1,startup-03,site institucional,Datarisk – Como dados podem gerar valor a sua empresa,"Datarisk – Como dados podem gerar valor a sua empresa. Soluções. Produtos. Plataforma de MLOps. ChurnAI. Consultoria. Model as a service. Enterprise. Agentes de IA. Parceria. Setores. Instituições financeiras. Marketing. Supply Chain. People Analytics. Varejo. Saúde. Datarisk. Trabalhe Conosco. Fique por dentro. Blog. Imprensa. Materiais. Fale com nosso Time. Destrave o potencial da Machine Learning. Treine, implemente e monitore seus modelos com nossa plataforma de MLOps. Melhoramos suas decisões através de dados. Antecipe cancelamentos antes que impactem sua receita recorrente. A Datarisk gera insights mudando a realidade. Histórias de Sucesso. 50 + clientes atendidos. 80 % da equipe especializada em Engenharia e Ciência de Dados. Datarisk agora é WeCogno: uma nova fase para transformar dados em decisões mais inteligentes. Entre os clientes citados estão Reclame AQUI, Dotz, Cielo e Neon.",https://www.datarisk.io/,nao encontrado
doc-03-2,startup-03,noticia,Mercado de IA impulsiona reestruturação na Datarisk,"A Datarisk, especializada no uso de inteligência artificial aplicada a soluções de gestão de riscos, anunciou a nomeação de Valéria Nery para o cargo de Chief Revenue Officer (CRO). A executiva, com mais de 25 anos de experiência em estratégias comerciais, inovação e gestão de projetos, terá a missão de conduzir o plano de crescimento da companhia, que prevê quintuplicar as receitas recorrentes até o final de 2025. Ex-diretora da NTT Data e com passagem pela Globant, Nery acumula atuação em setores como serviços financeiros, saúde, varejo, logística e indústria. A nova CRO é graduada em Computação, possui MBA em Gestão Empresarial pela FIA Business School e especialização em Inovação pela Harvard University. A movimentação ocorre em um contexto de expansão global da demanda por soluções de análise preditiva e MLOps (Machine Learning Operations), segmento no qual a Datarisk foi pioneira no Brasil. Fundada em 2017, a empresa desenvolve modelos próprios para avaliação de renda, risco de crédito e estabilidade empregatícia, além de algoritmos voltados para previsão de comportamento de consumidores.",https://monitormercantil.com.br/mercado-de-ia-impulsiona-reestruturacao-na-datarisk/,2025-08-12
doc-03-3,startup-03,noticia,Oferta de machine learning como serviço democratiza acesso a modelos preditivos para concessão de crédito,"Em um cenário de juros em alta e maior dificuldade para a concessão de crédito, os bancos médios, fintechs e demais organizações que atuam neste segmento aumentam a procura por ferramentas tecnológicas para ampliar a capacidade analítica, evitar perdas por fraudes e inadimplência e ampliar a lucratividade do negócio. Neste contexto, as soluções baseadas na oferta de Machine Learning como serviço ganham cada vez maior protagonismo por viabilizar a democratização de modelos preditivos mais precisos sem a necessidade de investimentos em infraestrutura própria de hospedagem e manutenção além de eliminarem a exigência de times especializados em machine learning para seu desenvolvimento. Uma das referências neste conceito no Brasil é a Datarisk, empresa especializada no uso de inteligência artificial para gerar valor no conceito decision as a service. Ao longo de 2024 a companhia registrou mais de 10 milhões de consultas nas APIs de sua solução MaaS (Machine Learning as a Service). A expectativa da empresa é de que a plataforma supere a marca de 50 milhões de requisições até o final de 2025.",https://monitormercantil.com.br/oferta-de-machine-learning-como-servico-democratiza-acesso-a-modelos-preditivos-para-concessao-de-credito/,2025-05-13
doc-04-1,startup-04,site institucional,Transitioning Food Systems | Agrosmart,"Transitioning Food Systems | Agrosmart. Descubra como nossas soluções de monitoramento climático e de indicadores ESG estão ajudando produtores e agro indústrias. Transição da Agricultura: a chave para combater a crise climática. Mais resiliente, adaptada e gerando impacto positivo. Para todo o agronegócio: soluções de ponta a ponta. BoosterAGRO - Gratuito, Fácil de usar, Para o dia a dia. A maior rede de colaboração entre produtores no app número 1 do agro. BoosterPRO - Controle, Previsibilidade, Mais produtividade. Plataforma ESG - Gestão de riscos, Sustentabilidade, Compliance. O clima traz desafios, a Agrosmart soluções. Já apoiamos + 100 mil produtores na América Latina. +90 culturas, +48M de hectares, +9 países. Escritórios: Campinas (SP), São Paulo (SP), Manaus (AM), Assunção (Paraguai), Buenos Aires (Argentina) e Salinas (Califórnia, EUA).",https://agrosmart.com.br/,nao encontrado
doc-04-2,startup-04,noticia,"5 Minutos com: Mariana Vasconcelos, CEO, Agrosmart","Quando criança, Mariana Vasconcelos tinha o sonho de ser detetive e trabalhar no FBI. Natural de Itajubá (MG), cresceu em uma família de empreendedores e pequenos produtores rurais, próxima do campo e em contato direto com as dores do setor, principalmente em relação à falta de dados e tecnologia. Com apenas 16 anos, ela foi emancipada pelo pai para tocar a padaria da família, dividindo o seu tempo entre as demandas do negócio, a faculdade de administração e o sonho de empreender. Com 23, uniu-se a dois amigos de infância para criar a Agrosmart, plataforma de inteligência para o monitoramento das lavouras. Atualmente, a startup fornece tecnologia para cerca de 100 mil produtores em 48 milhões de hectares do agronegócio pelo país, e faz parte do programa de Corporate Venture Capital (CVC) da Positivo. A empresa foi fundada em 2014.",https://startups.com.br/5-minutos-com/5-minutos-com-mariana-vasconcelos-ceo-agrosmart/,2023-12-15
doc-04-3,startup-04,blog,Empreendedorismo tecnológico brasileiro aposta no agronegócio,"O mundo das startups vive de ciclos: depois dos sites de comércio eletrônico, da digitalização de serviços como táxi e entrega de comida e das fintechs, agora é a vez do campo. Com ajuda de tecnologias como sensores inteligentes, Big Data e imagens de satélite, startups apostam que o agronegócio é a próxima bola da vez do empreendedorismo tecnológico no Brasil. Segundo a Associação Brasileira de Startups (ABStartups), hoje há 72 empresas no País no setor – conhecido como agtech ou agritech. A área teve crescimento de 70% em relação ao ano passado e a previsão da associação é que esse número triplique até o final de 2017. ""O Brasil é uma potência do agronegócio. Hoje, o agricultor é um cara high tech, mas ainda carente da inovação das startups"", diz Maikon Schiessl, que coordena o comitê de Agtech da ABStartups. Uma das empresas é a Agrosmart, que quer usar a tecnologia para melhorar a eficiência de irrigações – a promessa é economizar até 60% da água utilizada hoje. Para isso, a empresa usa sensores inteligentes no meio das plantações, metereologia e imagens de satélite.",https://agrosmart.com.br/blog/empreendedorismo-tecnologico-brasileiro-agronegocio/,2016-11-22
doc-05-1,startup-05,site institucional,Justos - Seguro auto digital que recompensa bons motoristas,"O seguro auto Justos é digital, tem coberturas personalizadas, assistência 24h e o melhor de tudo: recompensa bons motoristas. Seguro auto, digital, completo e com recompensas semanais. Não usou celular dirigindo, freiou ou acelerou bruscamente? Ganhe até 30% de desconto na mensalidade, vouchers de gasolina, manutenção pro seu carro e Uber. A Justos é um seguro pensado pra você usar mesmo quando nada acontecer. Aqui você usa seu seguro auto todos os dias. Diga olá pra saber onde seu guincho está. Agora é possível acompanhar seu guincho pelo nosso app, como você faz com seu delivery. Na Justos você está no controle. Saiba o status do seus sinistros pelo app de forma totalmente transparente. Para abrir o sinistro é só mandar um áudio no app. Uma cobertura que vai aonde você quer chegar. A Justos está presente em todo o Brasil. Sem segurês e sem esperar. A gente te atende pelo nome, 24h/7. Justos Seguros S.A., código SUSEP 02241. Avenida Andromeda 723, sala 0214, Barueri, São Paulo, CEP 06473-900.",https://www.justos.com.br/,nao encontrado
doc-05-2,startup-05,noticia,"Com IA no ""core"", Justos levanta R$ 92M para expandir","A Justos levantou uma rodada de R$ 92 milhões liderada pela Ribbit Capital, com participação de Kaszek, Endeavor Catalyst e Scale-Up Ventures, depois de uma série A de cerca de R$ 200 milhões que contou com o SoftBank. A insurtech de seguro auto digital, que recompensa motoristas conscientes, tem hoje cerca de 90 funcionários e acaba de obter a licença S3 da Susep, o que permite operar produtos diretamente em vez de depender apenas de parceiros seguradores. ""Não queremos ser uma seguradora com IA, e sim uma empresa de IA que vende seguros"", afirma o CEO Dhaval Chadha. A companhia migra do modelo de venda digital direta para uma distribuição com foco em corretores. A empresa tem hoje dezenas de milhares de apólices e a meta de chegar a 1 milhão de apólices em quatro a cinco anos, além da ambição de figurar entre as dez maiores seguradoras do Brasil. A sinistralidade, hoje em 65%, tem meta de 60% para 2025.",https://startups.com.br/negocios/rodada-de-investimento/com-ia-no-core-justos-levanta-r-92m-para-expandir/,2025-06-18
doc-05-3,startup-05,noticia,Justos: Recompensas para motoristas conscientes com IA e tecnologia avançada,"A Justos é uma empresa de seguro auto que usa inteligência artificial, tecnologia e design para oferecer um serviço prático que recompensa motoristas conscientes. A Justos está presente em todo o território brasileiro e tem licença da Superintendência de Seguros Privados (SUSEP) para operar no ambiente de sandbox. O programa de recompensas da Justos usa tecnologia de telemetria ativada nos sensores presentes no telefone celular dos clientes para avaliar como o motorista está dirigindo. Quem dirige bem ganha pontos que podem ser trocados por vouchers de Ifood e Uber, além de pontos Livelo e Abastece-aí. Para isso, o sistema avalia cinco parâmetros de comportamento: aceleração, velocidade, curvas, frenagem e direção focada, que é quando o motorista não mexe no celular enquanto dirige. Dirigindo de forma segura, os clientes podem acumular até 700 pontos em um único dia. Além disso, a plataforma também disponibiliza desafios que valem pontos extras, como fazer uma viagem perfeita que equivale a 500 pontos. A empresa foi fundada em março de 2020.",https://www.insurtech.com.br/guia/justos-recompensas-para-motoristas-conscientes-com-ia-e-tecnologia-avancada/,2024-06-28
doc-06-1,startup-06,site institucional,Cortex Intelligence: AI & Data for Business Growth,"Cortex is a specialist in Augmented Intelligence for Go-to-Market strategies. We combine AI and data to simplify decision-making and accelerate growth. Made for humans, powered by AI. Augmented intelligence to accelerate your growth. The most complete Go-to-Market intelligence platform, combining data, artificial intelligence and the market's leading experts. From Industry to Retail, from B2B to B2C. Ask for a demo. Augmented intelligence applied to GTM for. The leading companies are with Cortex. Our Go-to-Market Intelligence platform. Our flexible platform allows Cortex to solve different data challenges in Latin America. Data capture and structuring. Our technology captures and processes data from public and private sources. Intelligence applied to the business. We apply machine learning models connected to your company's data. Autonomy for your team. Your team builds analyses and dashboards autonomously. Decisions with greater impact. All with the flexibility of the solution and the support of our specialists. Discover GTM Intelligence. Through our GTM intelligence SaaS platform, which combines big data analytics, georeferencing, and advanced AI models. Cortex Growth. GTM Solution for B2B that uses AI to transform data into practical and actionable insights. Cortex Geofusion. Solution for retailers that combines data and AI to guide their expansion. Cortex Brand. Brand Operations solution with more than 70 indicators for reputation management. Cortex Reach. Increase sales efficiency with precise physical locations and product portfolio.",https://www.cortex-intelligence.com/en/,nao encontrado
doc-06-2,startup-06,noticia,"Após aporte de R$ 260 milhões, Cortex adquire Geofusion e amplia modelo de inteligência de dados","A Cortex acaba de adquirir a Geofusion, empresa que atua no segmento de geomarketing. O anúncio acontece pouco menos de um mês após a startup receber uma nova rodada de investimentos, uma série C no valor de R$ 260 milhões, liderada pela Lightrock e que contou com a participação do SoftBank Latin America Funds e Riverwood Capital. O acordo inclui a compra da todas as ações da empresa de geomarketing, com quem a startup se relaciona desde 2015, já fez parcerias e vinha mantendo conversas há um ano. Com o mercado mais escasso de funding e as incertezas ao longo de 2022, o namoro chegou a ficar em banho-maria. A entrada do novo capital deu novo impulso à negociação e o negócio foi fechado. Essa é a segunda aquisição da Cortex em pouco mais de um ano. Em fevereiro de 2021, informou com exclusividade à EXAME a compra de ITB360, especializada na coleta de dados sobre outras companhias a partir de bancos públicos de informação. Com a operação, a Cortex passa a somar cerca de 500 funcionários, sendo 150 vindos da Geofusion, e atende clientes como McDonald's, Natura, Heineken e Cacau Show.",https://exame.com/negocios/apos-aporte-de-r-260-milhoes-cortex-adquire-geofusion-e-amplia-modelo-de-inteligencia-de-dados/,nao encontrado
doc-06-3,startup-06,blog,Geofusion é adquirida pela Cortex e juntas se consolidam como a maior empresa em Inteligência de Dados da América Latina,"A Geofusion, referência brasileira em inteligência geográfica com mais de 25 anos de mercado, foi adquirida pela Cortex, consolidando as duas empresas como a maior companhia de inteligência de dados para marketing e vendas da América Latina. ""A Geofusion possui um time altamente diferenciado e fundadores de topo de linha. É uma adição fantástica ao nosso time"", afirma Leonardo Rangel, cofundador da Cortex. Juntas, as empresas passam a atender mais de 650 clientes, entre eles McDonald's, Cacau Show, Whirlpool, Santander, Microsoft, Claro e BTG. A Cortex havia acabado de captar R$ 260 milhões em uma rodada série C liderada pela Lightrock, descrita como o maior investimento do setor de inteligência de dados na América Latina. A fusão une companhias com valores alinhados, com ênfase em uma abordagem centrada no humano e no foco no cliente. A integração pretende potencializar a plataforma de inteligência geográfica da Geofusion com as capacidades de IA e dados da Cortex para melhorar previsões de vendas e análises de mercado.",https://www.cortex-intelligence.com/blog/geomarketing/geofusion-cortex,2022-10-26
doc-07-1,startup-07,vaga,Banco de Talentos - Arvo,"Banco de Talentos - Arvo. Temos o proposito de tornar a saude no Brasil mais acessivel para todos. Nossa jornada comeca com o uso de dados e inteligencia artificial para reduzir fraudes, abusos e desperdicios em pagamentos de saude. Acreditamos que a unica maneira de alcancar isso e atraves de um time incrivel, com pessoas apaixonadas por saude e compradas na nossa missao de transformar o setor. Nossos principios culturais: ""Nos vivemos na Arena"", valorizando quem tenta, erra e volta com coragem; ""Mentalidade Insurgente"", questionando o status quo de uma industria burocratica; ""Somos Self-Propelled"", tomando iniciativa e indo ate o fim dos problemas; ""Geramos valor para o cliente, para o time e para nos, nessa ordem""; ""Nao negociamos qualidade"", com padrao zero defect; ""Jogamos a real"", com transparencia radical. Areas de interesse: Engenharia (Dados, Software, IA); Produto e Design; Auditoria Clinica; Vendas e Customer Success. Beneficios: Plano de Saude Bradesco Saude Nacional II (TNMI); VA/VR: R$1.080 no Flash; Acesso ao wellhub (gympass); Vaga remota. Localizacao: Rio de Janeiro. Ja esta trabalhando em Arvo? Vamos encontrar juntos o seu proximo colega de equipe.",https://arvo.teamtailor.com/jobs/7416961-banco-de-talentos,nao encontrado
doc-07-2,startup-07,noticia,"Como essa startup encontrou R$ 1,8 bilhao em fraudes e erros nos planos de saude","Uma cirurgia simples pode esconder cobrancas inesperadas. Em um procedimento de apendicite, por exemplo, pode aparecer na conta hospitalar uma manta termica, item usado para manter a temperatura do paciente em cirurgias longas, e que, naquele caso especifico, simplesmente nao era necessario. E esse tipo de inconsistencia que a Arvo, startup brasileira de tecnologia em saude, tenta identificar antes que o pagamento seja feito. A empresa desenvolveu uma plataforma de auditoria de contas medicas baseada em inteligencia artificial que analisa cobrancas feitas por hospitais, clinicas e laboratorios as operadoras de planos de saude. O objetivo e detectar erros, abusos ou fraudes nas faturas medicas antes que o dinheiro saia do caixa das operadoras. Os resultados mais recentes mostram o tamanho do problema. Em 2025, a tecnologia da Arvo identificou 1,8 bilhao de reais em pagamentos indevidos no sistema de saude suplementar. Desde 2022, a empresa ja analisou 160 bilhoes de reais em despesas medicas. ""O setor carrega um volume relevante de gastos que nao precisariam existir. Estimativas apontam que cerca de 16% das despesas de saude sao indevidas, seja por erro, abuso ou fraude"", afirma Fabricio Valadao, CEO e cofundador da Arvo. O sistema de saude suplementar brasileiro movimenta cerca de 270 bilhoes de reais por ano em despesas assistenciais. O setor atende 51 milhoes de pessoas e convive com um desafio crescente: o aumento constante dos custos medicos.",https://exame.com/negocios/como-essa-startup-encontrou-r-18-bilhao-em-fraudes-e-erros-nos-planos-de-saude/,2026-03-12
doc-07-3,startup-07,noticia,Arvo capta R$ 106 milhoes em serie A,"A Arvo, empresa de Inteligencia Artificial e integracao de dados para o processo de pagamentos em saude, levantou R$106 milhoes em uma rodada de investimento Serie A, liderada pelos fundos Kaszek e Base10 Partners, com participacao de Canary e K50 Ventures. Essa e a maior captacao do setor de saude no Brasil nesse estagio. A rodada acontece 1 ano apos a rodada seed da startup com a Canary. A captacao permitira que a startup expanda a atuacao e consolide a infraestrutura de processamento das transacoes de saude, que vao desde validacao de cobrancas ate a autorizacao de procedimentos. Os recursos tambem serao utilizados para o desenvolvimento de novos produtos e oportunidades estrategicas, para aumentar o grau de precisao nas analises. Alem disso, a equipe sera ampliada, com reforco especial nas areas de ciencia de dados e engenharia. Com a missao de trazer mais seguranca e eficiencia para transacoes de saude, a healthtech utiliza IA e Machine Learning para identificar nao-conformidades e realizar a validacao de documentos comprobatorios de forma automatica. Fundada em 2022, a Arvo cresce em ritmo acelerado, tendo quadruplicado seu faturamento e base de clientes nos ultimos 12 meses. As inteligencias da healthtech promovem um aumento medio de 25% na produtividade das areas de auditoria e contas medicas, em apenas 6 meses de operacao.",https://startupi.com.br/arvo-capta-106-milhoes-em-serie-a/,2025-09-17
doc-08-1,startup-08,noticia,ISA Saude capta R$ 160 milhoes para ser o maior hospital em casa do Brasil,"A ISA Saude, healthtech fundada pelos irmaos Fernando e David Pares em 2019, acaba de captar R$ 160 milhoes em uma rodada Serie B liderada pela International Finance Corporation (IFC), braco de investimento do Grupo Banco Mundial. A rodada tambem contou com os fundos IDB Lab, Dalus Capital e Endeavor Catalyst, alem da participacao de investidores atuais. Com o novo aporte, a startup pretende triplicar o numero de cidades atendidas, fortalecer a operacao B2B junto a grandes operadoras de saude e ampliar suas linhas de cuidado domiciliar. O investimento tambem sera direcionado a estruturacao de dados clinicos e uso de inteligencia artificial, com foco em analises preditivas e personalizacao da jornada do paciente. ""Criamos a empresa com o proposito de levar mais seguranca e autonomia aos pacientes, permitindo que recebam em casa tratamentos complexos que antes so eram possiveis em ambiente hospitalar"", afirma Fernando Pares, CEO da ISA Saude. ""Com esse novo investimento, vamos ampliar nossa operacao e acelerar o acesso a tecnologias que beneficiam pacientes, familiares e profissionais de saude."" A ISA Saude atua em mais de 60 cidades distribuidas por Sao Paulo, Distrito Federal, Minas Gerais e Bahia, realizando cerca de 1.500 atendimentos diarios com uma rede de 4 mil profissionais e parcerias com 25 operadoras de saude.",https://startupi.com.br/isa-saude-capta-r-160-milhoes-hospital-em-casa/,2025-10-28
doc-08-2,startup-08,noticia,Esta empresa quer ser o maior hospital do pais - sem ter um unico leito,"A healthtech ISA Saude acaba de levantar R$ 160 milhoes em uma rodada serie B liderada pela International Finance Corporation (IFC), braco de investimentos do Banco Mundial focado no setor privado. O novo aporte marca a entrada da instituicao global na sociedade da companhia brasileira, e deve acelerar a estrategia da startup para consolidar seu modelo de ""hospital em casa"". Criada em 2019 pelos irmaos paulistas Fernando e David Pares, a ISA opera uma estrutura de cuidado domiciliar que atende pacientes com alta complexidade clinica, mas fora do ambiente hospitalar. A empresa ja realiza cerca de 1.500 atendimentos diarios em mais de 60 cidades, com uma rede de 4 mil profissionais e parceria com 25 operadoras de planos de saude. A taxa de reinternacao dos pacientes atendidos pela companhia e inferior a 2%, e o modelo permite reduzir de forma relevante o custo assistencial das operadoras, ao substituir dias de internacao hospitalar por cuidado no domicilio do paciente, com acompanhamento clinico continuo e suporte de tecnologia.",https://exame.com/negocios/esta-empresa-quer-ser-o-maior-hospital-do-pais-sem-ter-um-unico-leito/,2025-10-28
doc-08-3,startup-08,noticia,The Future of Care is at Home: How ISA Saude Is Redefining Healthcare in Brazil,"In Brazil, the relationship between insurers and providers has traditionally been quite difficult. Most of the market still operates on a fee-for-service model, which creates misaligned incentives. Providers focus on volume, while insurers struggle with rising claims and shrinking margins. It's a system that drives costs up without necessarily improving outcomes. At ISA Saude, we're changing that dynamic by bringing care home. Our model decentralizes healthcare, allowing patients, especially elderly ones, to receive hospital-level care in the comfort of their homes. This not only improves clinical outcomes and patient satisfaction but also cuts insurer costs by up to 70 percent in certain treatments, with an average reduction of around 45 percent. Bringing healthcare into someone's home changes everything. When our teams walk through a patient's door, they're guests first and clinicians second, so empathy, respect, and adaptability are key. Every professional goes through a rigorous 38-day onboarding that includes technical, operational, and behavioral training. Once in the field, their work is continuously monitored through our digital platform, which tracks every step of care - from medication management to protocol adherence. We like to think of ISA as a hospital with 700 beds spread across Brazil. Technology is what connects it all, allowing our clinical and quality teams to supervise care in real time.",https://www.ifc.org/en/interviews/2025/the-future-of-care-is-at-home,2025-11-14
doc-09-1,startup-09,site institucional,"Portal Telemedicina: O que e, Como Funciona e Beneficios da Solucao","A desigualdade na distribuicao de medicos pelo Brasil, que faz com que parte da populacao nao tenha acesso a especialistas, foi o grande impulsionador para a criacao da solucao Portal Telemedicina. Fundada em 2013, a empresa iniciou como uma startup criada com a ambicao de seus cofundadores de garantir acesso universal a saude por meio da tecnologia. Com a ajuda de parceiros, como o Google, a empresa esta presente em 300 cidades do Brasil e da Africa e no caminho para a expansao global necessaria para sua visao: levar saude a mais de um bilhao de pessoas que nao tem acesso a medicos especialistas. Isso e feito por meio de uma solucao completa e inovadora capaz de conectar ate mesmo equipamentos offline e em regioes remotas a uma central composta por especialistas de todas as areas, todos eles formados nas instituicoes de maior reconhecimento no pais, disponiveis 24 horas por dia. O servico da Portal reduz o tempo para emissao de laudos de semanas, pelo sistema convencional, para minutos nos casos de urgencia e 24 horas nos demais. Tudo isso a um custo operacional ate 10 vezes menor. A inteligencia artificial da plataforma da Portal Telemedicina contribui para um laudo preciso, ja que todos os dados sao transmitidos direto entre os proprios equipamentos, sem chance para erros de digitacao ou de informacao no processo de envio. Alem disso, o sistema de inteligencia artificial ajuda na triagem dos exames, colocando o que e urgente como prioridade.",https://portaltelemedicina.com.br/portal-telemedicina-o-que-e-como-funciona-e-beneficios-da-solucao,2019-10-10
doc-09-2,startup-09,site institucional,Laudos a distancia Rapidos e Seguros - Portal Telemedicina,"OFERECA MAIS AGILIDADE COM LAUDOS A DISTANCIA. Reduza custos e otimize os processos de sua clinica com a tecnologia mais avancada do mercado. Em casos urgentes, laudos sao entregues em ate 5 minutos. ALTA TECNOLOGIA A SERVICO DA VIDA. Receba laudos medicos em ate 24h assinados por especialistas renomados. Nossa plataforma usa Inteligencia Artificial para triagem de exames urgentes. Atendemos em todo o Brasil. COMO FUNCIONA A TELEMEDICINA PARA LAUDOS: a clinica ou Hospital realiza o exame do paciente no local. Atraves da nossa integracao, os exames sao criptografados e enviados direto do equipamento para o nosso Portal, seguindo as normas de seguranca HIPAA e GDPR. Nossos medicos especialistas de centros referencia do Brasil recebem os exames, analisam, e liberam os laudos em ate 24 horas. Em casos de emergencia, em poucos minutos. Nossos clientes acessam o sistema com login e senha para visualizar e imprimir os laudos. VANTAGENS: acesso a medicos especialistas renomados disponiveis 24/7; armazenamento seguro, seguindo as leis da Anvisa e os parametros da Hipaa (EUA) e GDPR (Europa); agilidade na emissao de laudos a partir de uma exclusiva integracao direta com equipamentos medicos; integracao com 90% dos equipamentos existentes, sem necessidade de investimentos adicionais; laudo personalizado; otimizacao de equipes. ESPECIALIDADES ATENDIDAS: acuidade visual, eletrocardiograma, eletroencefalograma, espirometria, raios-X, mamografia, tomografia, ressonancia magnetica, MAPA, Holter, teste ergometrico.",https://portaltelemedicina.com.br/solucoes-de-telemedicina/laudos,nao encontrado
doc-09-3,startup-09,noticia,"Com Inteligencia Artificial, Portal Telemedicina leva medicina especializada para areas rurais","Para quem mora em grandes cidades e centros urbanos, e facil ter acesso a hospitais e medicos especialistas. Mas, para muitas comunidades rurais, a realidade e de pouco acesso a clinicas e doutores. Para ajudar a resolver esse problema, o empreendedor Rafael Figueiroa criou o Portal Telemedicina. A empresa utiliza tecnologias avancadas em busca da reducao drastica das barreiras de tempo e custo que impedem o acesso a tratamentos de saude adequados. O Portal Telemedicina participou, no inicio de 2017, do Launchpad Accelerator, programa de aceleracao de startups do Google. Hoje, mais de 500 clinicas rurais e grandes instituicoes de assistencia medica espalhadas pelo Brasil e por Angola usam a tecnologia do portal. ""Vou te dar um exemplo: com a nossa tecnologia, um paciente que vive em uma area rural no meio da floresta tropical brasileira pode ir ate a clinica local e fazer um raio-X. Com poucos cliques, enfermeiras da clinica enviam as informacoes pela nuvem para especialistas no centro urbano de Sao Paulo."" A plataforma de telediagnostico permite que especialistas facam analises mais rapidas e precisas com a ajuda da Inteligencia Artificial, que e usada no diagnostico de milhares de pacientes todos os dias. O sistema checa se a avaliacao do medico bate com as previsoes realizadas pela IA e, em caso de discrepancia, os exames sao enviados automaticamente para tres outros doutores como forma de reduzir as chances de erro. ""Nossa plataforma usa um historico de mais de 30 milhoes de exames e diagnosticos para aprender e consultar.""",https://startup.google.com/intl/pt-BR_ALL/alumni/stories/portal-telemedicina/,nao encontrado
doc-10-1,startup-10,noticia,Robo Laura: a startup curitibana que ja salvou 24 mil vidas no Brasil,"Unir tecnologia a missao de salvar vidas e uma tarefa complicada, principalmente em um pais com dimensoes continentais e realidades socioeconomicas tao distintas como o Brasil. Mas foi com essa premissa que a startup Laura deu o primeiro passo ao digitalizar - e facilitar - o cuidado de pacientes em hospitais na regiao Sul do pais. Tudo comecou em 2010, quando o empreendedor Jacson Fressatto perdeu a sua filha recem-nascida diagnosticada com sepse - termo clinico para infeccoes generalizadas potencialmente perigosas. A ausencia de informacoes tornou impossivel um diagnostico antecipado. E foi nesse cenario que o empreendedor decidiu agir. Em 2016, ele fundou a Laura, empresa curitibana de tecnologia que desenvolve inteligencia artificial para a area da saude. A empresa criou uma plataforma que auxilia medicos nos cuidados com pacientes em internacao. O foco inicial da ajudante tecnologica, tambem carinhosamente apelidada de ""Laura"", era indicar a equipe medica sobre possiveis casos de sepse dentro dos hospitais. Como um virus do bem, a Laura se conecta aos prontuarios eletronicos e monitora os relatorios de saude e informacoes clinicas de cada paciente e, ao identificar qualquer piora ou anormalidade, gera um alerta para a equipe medica. Nessa logica de ""machine learning"", ou aprendizado de maquina, a robo analisa mais de 90 variaveis. Desde entao, a Laura soma resultados positivos: entre outubro de 2016 e maio de 2020, foram 8,6 milhoes de pessoas atendidas e 24 mil pessoas salvas.",https://gazzconecta.com.br/gazz-conecta/robo-laura-tecnologia-e-saude/,2021-02-18
doc-10-2,startup-10,blog,Hospital digital: 4 tendencias para acompanhar no mundo pos COVID-19,"E sempre melhor estar um passo a frente, nao importa o setor. Mas, quem pensa no futuro, precisa estar anos luz a frente, imerso em tecnologia, minerando um grande volume de dados e se antecipando ao que esta por vir. Essas sao as caracteristicas de um hospital digital. A grande tendencia para hospitais no pos-crise e a Transformacao Digital. A Transformacao Digital, em pleno 2021, nao e mais um diferencial, mas uma obrigacao. Abaixo alguns motivos para aplicar a Transformacao Digital no seu hospital: reduzir custos; otimizar processos; atualizar os servicos; diminuir erros operacionais; melhorar a qualidade do servico; aumentar a eficiencia dos sistemas. 2 Monitoramento a distancia: o acompanhamento remoto e outra grande novidade. Um medico nao pode ficar o dia todo monitorando o estado do paciente, mas um robo pode, e eles estao fazendo isso ha algum tempo. 3 Analise preditiva: a Inteligencia Artificial possui inumeras aplicacoes na area de saude. Aplicada a saude, a avaliacao preditiva pode, por exemplo: construir o perfil de saude do paciente; mapear regioes com maior incidencia de determinadas patologias; prever taxas de ocupacao dos leitos; aplicar a medicina preventiva para evitar deterioracao clinica. Essa e mais uma solucao disponivel na Laura que, logo nos primeiros dois anos de funcionamento, ajudou a detectar mais de 9 mil quadros alarmantes de forma antecipada. A Laura consegue antecipar em ate 12 horas o alerta de deterioracao clinica do paciente.",https://laura-br.com/blog/hospital-digital-4-tendencias-para-acompanhar-no-mundo-pos-covid-19/,2021-05-24
doc-10-3,startup-10,noticia,Laura Care consolida sua posicao como lider em saude digital,"A Laura Care e a healthtech brasileira que criou e implementou uma inteligencia artificial para transformar a gestao de saude, tendo impactado mais de 60 mil vidas desde sua fundacao, em 2016. Suas solucoes tecnologicas, como o Robo Laura, ja realizaram mais de 13 milhoes de atendimentos, abrangendo mais de 4 milhoes de pacientes unicos, e tem ajudado a otimizar os sistemas de saude com foco na reducao de custos e no aumento da eficiencia operacional. Alem disso, suas tecnologias ja geraram uma economia superior a R$ 1 bilhao para os clientes. ""A Laura Care transforma a relacao entre tecnologia e saude em eficiencia. Usamos a inteligencia artificial para salvar vidas e otimizar recursos de forma etica e humanizada"", destaca Jacson Fressatto, criador do Robo Laura e CEO da startup Laura. O Robo Laura e a IA brasileira pioneira no mercado de saude. Trata-se de uma plataforma que analisa dados em tempo real para detectar padroes de risco, focando em deterioracao clinica versus processos de atendimento pre-estabelecidos, como casos de sepse, uma das principais causas de mortalidade hospitalar. Com algoritmos preditivos, que analisam automaticamente e processam os dados historicos dos pacientes, o Robo Laura identifica sinais de alerta e comunica as equipes assistenciais de 10 horas ate 3 dias de antecedencia sobre o risco clinico. Nos hospitais, o Robo Laura promove uma melhora na eficiencia operacional dos times assistenciais de ate 80% na otimizacao de tempo e processos e uma reducao de ate 42% no tempo medio de atendimento dos pacientes em leitos.",https://medicinasa.com.br/laura-care-edicao29/,2025-03-07
doc-11-1,startup-11,site institucional,Sobre o Jusbrasil,"Nos transformamos o acesso a justica por meio da tecnologia. No meio do caminho para uma sociedade mais justa, milhoes de brasileiros se deparam com um abismo entre ter um direito e torna-lo parte de suas vidas. Para muitos, a palavra justica se resume aos tribunais, mas para nos ela deveria fazer parte das escolhas diarias de qualquer pessoa. E o que falta nesse percurso? Acesso, confianca e compreensao acerca da informacao. O Jusbrasil tem como missao oferecer acesso rapido e facil a informacao juridica de alto valor. Nosso compromisso e com todas as pessoas que precisam tomar decisoes com maior qualidade e seguranca, construindo uma sociedade mais justa e com maior confianca social. Somos uma empresa brasileira de tecnologia, fundada em 2008, na cidade de Salvador. Trabalhamos com solucoes que visam a organizacao, estruturacao e disponibilizacao de informacoes juridicas publicas e abertas, o que com certeza nos da uma base solida para contribuir com a evolucao do Direito brasileiro. Com cerca de 30 milhoes de pessoas acessando nossa plataforma todos os meses e mais de 80% dos advogados brasileiros cadastrados, servimos solucoes aos profissionais do direito, departamentos juridicos, empresas e pessoas que buscam por seus processos. Em nossos times, cultivamos um ambiente de trabalho flexivel, colaborativo e centrado em resultados, onde cada individuo e valorizado por suas contribuicoes e habilidades.",https://sobre.jusbrasil.com.br/,nao encontrado
doc-11-2,startup-11,site institucional,Pesquisa Juridica que Transforma - Jusbrasil,"Comece sua pesquisa juridica no Jusbrasil. Busque por Doutrina, Jurisprudencia, Pecas Processuais e Modelos tudo em um so lugar. Jus IA: o assistente juridico que pensa com voce. Descreva o seu caso ou questao de pesquisa em linguagem natural e o Jus IA cuida do resto: interpreta o que voce precisa, realiza multiplas buscas, analisa os resultados e entrega apenas os julgados realmente relevantes. Jurisprudencia unificada: pesquise decisoes de STF, STJ, TRFs e TJs com atualizacao diaria. Pecas Processuais: encontre pecas processuais reais e validadas em tribunais de todo o Brasil. Modelos: o acervo de modelos do Jusbrasil reune documentos produzidos e compartilhados por membros da comunidade juridica. Doutrina: encontre trechos relevantes em obras juridicas sem folhear volumes. Legislacao: o acervo de legislacao do Jusbrasil reune Leis, Codigos, Decretos, Emendas, Medidas Provisorias. Diarios Oficiais: pesquise por nome, numero de processo ou orgao emissor. +96 Tribunais em uma so busca. +250 milhoes de julgados no nosso acervo. Assinantes tem acesso ampliado e recursos adicionais, incluindo citacoes ja formatadas em formato ABNT.",https://www.jusbrasil.com.br/pesquisa-juridica,nao encontrado
doc-11-3,startup-11,release,Jusbrasil lanca Jus IA para aumentar a confianca no uso de inteligencia artificial no Direito,"O Jusbrasil, maior plataforma de inteligencia juridica do pais, anuncia o lancamento do Jus IA, assistente juridico baseado em Inteligencia Artificial Generativa criado para elevar a qualidade das respostas e tornar o uso da IA mais confiavel no Direito. Desenvolvido sobre a maior base de informacao juridica do Brasil, com mais de 1,2 bilhao de documentos, o Jus IA garante respostas diretamente fundamentadas em normas, decisoes e jurisprudencia, minimizando riscos de respostas incorretas. Esse diferencial reduz drasticamente a chance de erros e oferece previsibilidade para advogados, escritorios e departamentos juridicos. ""O grande desafio da IA no Direito nao e velocidade, mas confiabilidade"", afirma Marcelo Alcantara, CPO do Jusbrasil. Pesquisa feita pela OAB SP, Jusbrasil, Trybe e ITS Rio aponta que 68% dos profissionais do Direito consideram essencial a supervisao humana para garantir precisao. Alem de ser amparado na maior base de dados juridicos do Brasil, o assistente e continuamente aprimorado por especialistas do Direito em um processo conhecido como Human-in-the-Loop (HITL). O Jus IA traz inicialmente tres habilidades: Fazer Pergunta Juridica (pesquisa conversacional), Criar Documento (geracao de peticoes e contestacoes) e Analisar Referencias (verificacao de citacoes juridicas). ""O Jusbrasil sempre teve como missao estruturar e democratizar o acesso a informacao juridica"", diz Luiz Paulo Pinho, cofundador.",https://sobre.jusbrasil.com.br/releases/jusbrasil-lanca-jus-ia-para-aumentar-a-confianca-no-uso-de-inteligencia-artificial-no-direito,2025-03-20
doc-12-1,startup-12,site institucional,Get to know Blip - Quem somos,"WHO WE ARE. We turn conversations into meaningful connections. More than 20 years ago, we started with a simple goal: to make communication easier. Today, we are the leading platform helping brands build more human relationships through Artificial Intelligence. BLIP TIMELINE. Our Evolution. We haven't just kept pace with technology - we've helped shape it. The operating system behind our culture. Vision, Infinite Learning, Organizational Design, Management Model and Impact shape how we evolve, collaborate and create value. Blip.Higher - We think big and stay ahead of the curve, challenging assumptions and innovating with purpose to drive continuous growth. Blip.Be - We put people first, fostering meaningful connections and creating a safe environment built on diversity, respect and continuous development. Blip.Excellence - We master our craft and take ownership, always striving to exceed expectations and deliver exceptional experiences. Blip.Efficient - We focus on what matters most, eliminating unnecessary complexity and using simplicity to solve complex challenges efficiently. Blip.Team - We value the collective over the individual, building high-performing teams that collaborate and celebrate achievements together. Blip.Ownership - We act with initiative and autonomy, making data-driven decisions and taking responsibility for our outcomes. +25 years leading the conversational technology market across Brazil and Latin America. 80 MM active contacts managed through the platform, connecting brands and consumers. 32 countries with an active presence, including Brazil, Mexico and Spain. + 4k brands have already invested in Blip solutions to transform their digital communications. Global presence with Brazilian roots. Founded in Belo Horizonte, we now connect brands and people across three countries. Belo Horizonte - Sede Global (HQ). Sao Paulo - Hub de Negocios. Madrid - Expansao Internacional. Cidade do Mexico - Expansao Internacional.",https://www.blip.ai/en/about-us/,nao encontrado
doc-12-2,startup-12,vaga,Carreiras Blip - De um Blip na sua carreira,"Trabalhe Conosco. De um Blip na sua carreira. Voce sonha em transformar o mundo por meio da tecnologia? Entao de um Blip na sua carreira! Pagina inicial. Institucional. Carreiras. O proximo passo da sua carreira esta em um Blip! Confira abaixo nossas vagas abertas e escolha a que da maior match com o seu perfil! Carregando vagas... Aqui, cada conversa pode mudar o mundo. Um time diverso, curioso e apaixonado por criar experiencias inteligentes com tecnologia. Blip.OS. Nosso sistema operacional de cultura. O Blip.OS e a nossa bussola que conecta nossa essencia com o dia a dia, permitindo evolucao constante sem perder o que nos trouxe ate aqui. Vision: Estar sempre a frente. Levamos nossa visao de 100% das empresas do mundo com contatos inteligentes para o ecossistema de IA conversacional. Infinite Learning: Aprendizado continuo acelerado. Organizational Design: Estruturas eficientes e especializadas. Management Model: Alinhamento dinamico. Impact: Tecnologia com causa. Conheca os nossos valores. O motor comportamental. Blip.Higher: Sonhamos grande e estamos sempre um passo a frente. Blip.Be: A Blip e feita por e para pessoas. Blip.Excellence: Entregamos com excelencia para gerar resultados extraordinarios. Blip.Simple: Simplicidade e o ultimo grau de sofisticacao. Blip.Team: Nosso time e a Blip! Blip.Ownership: Empreendemos o futuro todos os dias. Na Blip, a tecnologia e feita por pessoas, e e por elas que tudo comeca. Nossa cultura e viva, colaborativa e curiosa. Diversidade: Todas as pessoas tem lugar na Blip. A gente acredita que as melhores ideias nascem quando diferentes perspectivas se encontram. 48.5% de mulheres em cargos de lideranca na Blip. 24,3% dos Blippers sao LGBTQIAPN+ e 14% em cargos de lideranca. 20% das liderancas sao pretas ou pardas. Beneficios Blip: Valorizamos a trajetoria de cada Blipper.",https://www.blip.ai/carreiras/,nao encontrado
doc-12-3,startup-12,noticia,"Blip acelera internacionalizacao, faz a primeira aquisicao no Mexico e finca os pes na Europa","A Blip, antes conhecida como Take Blip, deu mais um passo em seu processo de internacionalizacao e esta anunciando a compra da startup mexicana Gus. Na lista de solucoes, estao plataformas capazes de substituir os SMS, gerenciando as conversas em aplicativos como o WhatsApp e Instagram. Criada em 1999, em Belo Horizonte, Minas Gerais, a companhia tem quase 4.000 clientes, que usam os seus servicos em mais de 170 paises. A empresa iniciou a expansao internacional entrando no Mexico nos ultimos meses, com a abertura de uma operacao propria. Com a aquisicao da Gus, 60 profissionais serao incorporados ao negocio no Mexico. A startup tem ainda 20 pessoas em seu escritorio em Madri, na Espanha. Essa e a segunda aquisicao na historia na Blip. Em janeiro de 2022, a empresa anunciou a compra da Stilingue. Em 2023, a Blip deve registrar um crescimento no faturamento em torno de 50%, mesmo percentual estimado para 2024. Em termos de receita anual, a empresa vai fazer R$ 740 milhoes de reais, alta de 23% sobre 2022.",https://exame.com/negocios/blip-faz-a-sua-primeira-aquisicao-no-mexico-e-ainda-finca-os-pes-na-europa/,2023-12-18
doc-13-1,startup-13,site institucional,Weni - pagina oficial da organizacao no GitHub (weni-ai),"Weni Platform is an open-source product that contemplates a set of tools, including state-of-the-art AI models, that enable and potentialize individuals and organizations to solve communication problems and generate impact at scale by building their own automation in a visual and low-code web platform. Website: https://weni.ai. Contact: support@weni.ai. Repositorios publicos da organizacao: bothub-webapp - Vue-based frontend; bothub-engine - Python backend for AI models; weni-engine - Python backend managing organization business rules; weni-cli - Python command-line tool; rapidpro - Forked project enabling visual creation of scalable messaging applications; bothub-nlp - Python NLP service; weni-webapp - Vue frontend for organization management; chats-webapp - JavaScript human service module; floweditor - TypeScript flow editing tool; nexus-ai - Python repository. Total de 138 repositorios publicos disponiveis. Weni contributing guidelines: Thank you for your interest in contributing to Weni Platform! These guidelines help contributors to our projects understand our workflow and how to contribute to our projects. Following these guidelines helps communicate that you respect the time of the developers managing and developing this open source project. There are different ways to contribute to a project. The core team at Weni Platform reviews pull requests on a weekly basis.",https://github.com/weni-ai,nao encontrado
doc-13-2,startup-13,noticia,VTEX compra Weni,"A VTEX, uma das maiores empresas de e-commerce do pais, anunciou a aquisicao da Weni. Segundo apunta o Brazil Journal, no entanto, a compra custou menos de US$ 5 milhoes. Sediada em Maceio, no Alagoas, a Weni foi fundada em 2012. A companhia conta com cinco fundadores: Leandro Neves (CEO), John Cordeiro (head de produto e tecnologia), Daniel Amaral (CFO), Bruno Amaral (head de marketing) e Rinaldo Amaral (head de customer service). Entre os usuarios da ferramenta estao cerca de 160 clientes, incluindo nomes como Stone, Raizen e Cruzeiro do Sul. Agora, com a aquisicao, a Weni segue como uma unidade de negocios independente dentro da VTEX. A novidade sera oferecida para todos seus 2,6 mil clientes, com expectativa de que, inicialmente, entre 20% a 30% da base adote a solucao. A plataforma de comercio digital VTEX anunciou a aquisicao da Weni, startup de Maceio (AL) que desenvolveu uma solucao de customer experience baseada em inteligencia artificial para marcas e varejistas enterprise. Fundada em 2012, a Weni integra hiperautomacao e dados aos canais conversacionais para ajudar as empresas a fidelizar clientes e reduzir custos.",https://www.baguete.com.br/noticias/vtex-compra-weni,2024-09-03
doc-13-3,startup-13,noticia,Empresa alagoana passa a fazer parte da e-commerce VTEX,"Uma empresa genuinamente alagoana e sediada no Centro de Inovacao do Polo Tecnologico (CIPT) tera sua atuacao em uma das maiores empresas de e-commerce do pais, a VTEX. Com essa aquisicao, a Weni passa a ser uma unidade de negocios independente dentro da VTEX, onde seus fundadores atuarao como executivos, com solucoes de Inteligencia Artificial (IA) aplicadas a comunicacao com foco em customer experience. Para o co-fundador da Weni, Bruno Amaral, essa parceria e fundamental para levar a Weni a outros niveis. ""Estamos super empolgados com essa nova fase da Weni unindo forcas com a VTEX. Essa parceria e uma chance incrivel para a gente levar a Weni para um proximo nivel, revolucionando a experiencia do cliente no mundo do comercio digital."" Ja para o secretario da Ciencia, Tecnologia e Inovacao (Secti), Silvio Bulhoes, o potencial de Alagoas na area, que vem crescendo nos ultimos anos, tem se tornado exemplo para o pais e para o mundo. ""Com mais investimentos em tecnologia e inovacao, garantidos pelo governador Paulo Dantas, estamos conseguindo avancar, ainda mais, e mostrar o potencial de Alagoas para o mundo. Possuimos no nosso Estado grandes empresas que sao destaque por onde passam, a exemplo da Weni, Hand Talk, Trakto, entre outras.""",https://tribunahoje.com/noticias/ciencia-e-tecnologia/2024/09/05/143378-empresa-alagoana-passa-a-fazer-parte-da-e-commerce-vtex,2024-09-05
doc-14-1,startup-14,site institucional,Tako - Payroll and HR with AI,"AI agents that handle operations so your team can focus on work that matters. Tako - Payroll and HR with AI. The AI that runs the full HR cycle, from hiring to offboarding. It unlocks the operation, powers growth and turns every people move into intelligence. Trusted by hundreds of companies. NPS +80 - World-class satisfaction. Zero churn - Never lost a customer. SOC 2 Type 1 - Information security. Two products. One HR operation. Payroll & People Ops and Tako Recruiter run on the same infrastructure to cut rework. Payroll & People Ops: AI agents that run the full employee journey, with deterministic real-time calculation. 70% faster payroll closing. Billions processed in payroll. Tako Recruiter: Agents that interview every candidate. 40% of candidates interview outside business hours. +80 NPS among candidates. The Analyst agent: Ask payroll what you would ask an analyst. The labor law layer: Labor law, alive inside payroll. Otto is the layer of the CLT, collective agreements, eSocial and case law. The Tako MCP: Tako's intelligence, wherever you want it. Solutions for every area. Schedule a demo. See how Tako can transform your HR operations. Freedom to build. Versao em portugues: Agentes de IA que cuidam da operacao para seu time focar no trabalho que vale a pena. IA para RH. A IA que opera o ciclo completo de RH, da admissao ao desligamento. Dois produtos. Uma operacao de RH. Folha que fecha sozinha, com menos custo e sem erros. 70% mais rapido no fechamento. Agentes que entrevistam cada candidato. Pergunte da folha o que voce perguntaria a um analista. A legislacao trabalhista, viva dentro da folha.",https://tako.ai/en/,nao encontrado
doc-14-2,startup-14,noticia,Tako capta mais R$ 100 milhoes para reinventar a folha com AI,"Apenas nove meses apos receber seu primeiro aporte, a Tako - uma ""HR tech"" voltada a simplificar as folhas de pagamento - acaba de levantar R$ 100 milhoes em uma rodada Serie A. O investimento foi liderado pela Ribbit Capital e teve a participacao da a16z e da ONEVC - tres nomes que participaram da primeira rodada no fim do ano passado. Segundo o cofundador Sebastian Mejia, o novo aporte aconteceu mais rapido do que esperado por uma visao mais proativa dos proprios investidores para os planos de longo prazo da companhia, que surgiu para ser uma especie de ""cerebro do departamento de RH"". A Tako foi fundada no fim de 2022 pelo colombiano Mejia e o brasileiro Fernando Gadotti, cofundadores de Rappi e DogHero, respectivamente. A meta: resolver os problemas no processamento de folhas de pagamento das empresas brasileiras. O Brasil tem um dos sistemas trabalhistas mais complexos do mundo e o fechamento da folha chega a levar duas semanas por mes nas empresas. A Tako reduz esse processo para poucas horas.",https://braziljournal.com/tako-capta-mais-r-100-milhoes-para-reinventar-a-folha-com-ai/,2025-07-30
doc-14-3,startup-14,noticia,Startup de RH Tako inicia expansao global com IA para recrutamento e mira os EUA,"O ecossistema de startups da America Latina habituou-se a olhar para o proprio umbigo. Na Tako, nova aposta de Fernando Gadotti (co-fundador da DogHero, vendida para a Petlove) e Sebastian Mejia (co-fundador do Rappi), a ordem dos fatores foi invertida desde o inicio. A startup de tecnologia voltada para recursos humanos e operacoes de pessoal esta acelerando o seu plano de internacionalizacao a partir de uma estrutura nos Estados Unidos. A Tako entrou em operacao ha cerca de 20 meses com um portfolio de produtos construido com agentes de IA. Recentemente, o negocio entrou na lista das 100 startups de IA mais promissoras da consultoria americana CB Insights. O vetor da expansao global, porem, e o seu mais recente produto: uma recrutadora de voz baseada em inteligencia artificial generativa, batizada de Nara. Desde o lancamento, a startup levantou R$ 175 milhoes, divididos entre a rodada seed, em 2024, e a Serie A, anunciada em 2025 no valor de R$ 100 milhoes. O negocio tem apresentado um ritmo de crescimento de receita de 6 a 7 vezes ao ano. A sede fica em Sao Paulo, com uma nova base em San Francisco, California.",https://www.bloomberglinea.com.br/startups/startup-de-rh-tako-inicia-expansao-global-com-ia-para-recrutamento-e-mira-os-eua/,2026-06-22
doc-15-1,startup-15,site institucional,Sobre a Gupy: Lider em Tecnologia para RH no Brasil,"Impulsionar o potencial humano. Desde 2015 quebramos barreiras para o RH se reinventar. E estamos so comecando. Sobre a Gupy. A Gupy e a empresa lider em tecnologia para RH no Brasil, e o nosso proposito e impulsionar o potencial humano. Com tecnologia de ponta e um ecossistema de solucoes que inclui Recrutamento & Selecao, Admissao, Educacao Corporativa, Clima & Engajamento e Performance & Desenvolvimento, queremos impulsionar os negocios no Brasil por meio da area de Recursos Humanos. Em nossa posicao de lideranca, estamos a frente do mercado usando tecnologias proprietarias e metodologias inovadoras, sempre quebrando barreiras para o RH se reinventar. Nos orgulhamos de ter desenvolvido a primeira inteligencia artificial para R&S do Brasil, permitindo que empresas encontrem rapidamente os profissionais que tem maior afinidade com as suas vagas. Com tudo isso, queremos desenvolver a mais fluida e eficaz plataforma de RH do mundo. Grandes marcos da nossa historia: 2024 - Gupy atinge a marca de 3 milhoes de pessoas contratadas por meio da sua plataforma de Recrutamento & Selecao. 2023 - Gupy faz a sua terceira aquisicao e compra a startup Pulses, a maior plataforma de Clima & Engajamento do Brasil. 2022 - Gupy adquire a Kenoby, sua maior concorrente no mercado de R&S. Gupy recebe investimento de 500 milhoes de reais, em rodada liderada pelos fundos Softbank e Riverwood. 2021 - Gupy adquire a startup maranhense Niduu e entra para o mercado de Treinamento & Desenvolvimento. 2015 - A Gupy comeca em 2015, em Sao Paulo, quando duas profissionais de RH de uma das maiores empresas do Brasil visualizaram a oportunidade de revolucionar a forma como empresas e candidatos se relacionavam. A Gupy hoje e composta por mais de 750 pessoas espalhadas por todo o Brasil. Temos um escritorio em Sao Paulo, mas somos remote first. Mais de 4.000 empresas em 10 paises impulsionam os seus negocios com a Gupy.",https://www.gupy.io/sobre-a-gupy,nao encontrado
doc-15-2,startup-15,blog,Como os Agentes de IA da Gupy Funcionam: Guia Completo para Pessoas Candidatas,"Agentes de IA da Gupy: como avaliam o seu curriculo. Descubra como os Agentes de IA da Gupy funcionam no processo seletivo. Os agentes de IA da Gupy ajudam na organizacao inicial dos curriculos, analisando experiencias, formacao e habilidades, sem considerar dados sensiveis. Assim, o processo fica mais rapido e justo, aumentando a visibilidade de pessoas candidatas nas oportunidades certas. O que sao os agentes de IA da Gupy: Pense nos agentes de IA como assistentes digitais que ajudam a dar ordem ao volume de inscricoes em um processo seletivo. Eles analisam o curriculo para identificar padroes de compatibilidade com os requisitos de uma vaga. Na Gupy, esses agentes tem um objetivo pratico: aproximar pessoas candidatas e oportunidades de forma eficiente, sem substituir a avaliacao humana, apenas ajudar neste processo. Como os agentes de IA funcionam na pratica: Inscricao e perfil: ao preencher seus dados, suas informacoes entram na plataforma da Gupy. Leitura da vaga: os agentes de IA analisam a descricao e identificam requisitos e habilidades. Cruzamento de dados: o sistema compara seu perfil com o que a vaga pede, buscando afinidade em experiencias, formacao e competencias. Ordenacao inteligente: os agentes de IA organizam uma lista para o time recrutador, priorizando quem parece mais alinhado. Essa etapa e rapida: a Gupy consegue ordenar 100 curriculos por segundo. O que os agentes de IA NAO analisam: Para reduzir vieses e apoiar a diversidade, os agentes sao projetados para ignorar informacoes sensiveis que nao deveriam influenciar a avaliacao. Isso inclui: genero, cor/raca, orientacao sexual, local de origem, nome, idade, CPF, telefone. Ou seja: os agentes de IA apoiam o processo, mas quem decide e sempre o criterio humano.",https://www.gupy.io/inteligencia-artificial,2026-01-30
doc-15-3,startup-15,noticia,Gupy - Google for Startups (historia de alumni),"Toda empresa precisa contratar pessoas. A contratacao e o processo mais importante dos negocios e conhecemos as dores das empresas no Brasil. Nosso algoritmo permite que as empresas passem por milhoes de curriculos. Isso nos permite combinar, classificar e recomendar candidatos para vagas, reduzindo o tempo de contratacao em ate 80%. Podemos facilmente provar o ROI da contratacao atraves da Gupy. De 2017 a 2019, 2020, os VCs finalmente perceberam que havia um universo gigantesco dentro dos recursos humanos. Em 2015, os tres co-fundadores deixaram seus empregos. Quando entramos no Programa de Residencia, tinhamos entre 10 e 15 clientes. Saimos do programa com mais de 50, incluindo grandes clientes. Crescemos muito com o Google. Foi como um selo de aprovacao. Os processos de recrutamento serao muito mais focados na experiencia do candidato. As mulheres representam 50% da empresa em todos os niveis. Fundada em 2015 em Sao Paulo, Brasil, com 600 funcionarios em tempo integral, 22,5 milhoes de usuarios e 2.300 empresas clientes na epoca do perfil.",https://startup.google.com/intl/pt-BR_ALL/alumni/stories/gupy/,nao encontrado
doc-16-1,startup-16,site institucional,Hand Talk - Tecnologias que transformam a acessibilidade digital da sua empresa,"Com o Hand Talk Plugin o site da sua empresa se tornara mais acessivel. Nossos tradutores virtuais conectam sua marca a milhoes de pessoas consumidoras. Torne o site da sua empresa mais acessivel com a Hand Talk. Tecnologias que transformam a acessibilidade digital da sua empresa. Conformidade digital que reduz riscos e aumenta eficiencia. Ferramentas digitais com impacto real. Torne seu site mais acessivel: Transforme os conteudos do seu site com o Hand Talk Plugin, integrando Linguas de Sinais e dezenas de recursos assistivos. Instalacao simplificada. Relatorios de desempenho. Garantia de seguranca e compliance. Aprenda Linguas de Sinais: Eleito o ""Melhor Aplicativo Social do Mundo"" pela ONU, traduza e aprenda uma nova lingua de forma divertida e eficaz com o Hand Talk App. Libras e Lingua de Sinais Americana. Traducao de textos, audios e imagens. Customizacao do personagem. Por que contar com a Hand Talk? Ampla conexao com a comunidade surda e Pessoas com Deficiencia. Inteligencia artificial e alta tecnologia em seus recursos assistivos. Solucoes premiadas e reconhecidas mundialmente por seu impacto. Time completo de especialistas em acessibilidade digital e linguistica. +1000 sites contaram com o Hand Talk Plugin. +10 milhoes downloads no Hand Talk App. +50 milhoes de palavras traduzidas mes. +15 milhoes de pessoas usuarias anualmente. Premiacoes: Gifted Citizen 2016 - Solucao mais inovadora do mundo. IDB Demand Solutions 2014 - Uma das 16 startups mais inovadoras da America Latina. Rio Info 2012 - Startup mais inovadora do Brasil. WSA Mobile Content 2013 - Melhor app social do mundo eleito pela ONU. Hand Talk Tecnologia LTDA, inscrita no CNPJ/MF sob o no 16.918.665/0001-19.",https://www.handtalk.me/br/,nao encontrado
doc-16-2,startup-16,noticia,A tecnologia de Maceio que ja traduziu 3 bilhoes de palavras - e agora vai ser global,"Um jovem alagoano estava a mais de um mes atrasado para o inicio das aulas de comunicacao social. Isso porque o professor propos uma atividade: criar uma ideia inovadora. Foi naquele dia. ""Pensei que poderia criar algo que mudaria o mundo de alguma forma. Acho que isso e uma coisa do nordestino mesmo."" Se Tenorio tivesse se matriculado um dia depois, a historia poderia ser outra. Hoje, a empresa ja traduziu mais de 3 bilhoes de palavras. Mas foram mais quatro anos ate aquela atividade de sala de aula sair da gaveta e virar um projeto real. Nos meses seguintes, a Hand Talk conquistou reconhecimento internacional. Em 2013, ganhou o premio de Melhor Aplicativo Social do Mundo da ONU. O aplicativo Hand Talk foi lancado oficialmente em agosto de 2013, com o objetivo de traduzir palavras em Libras por meio de um avatar 3D. O ponto de virada veio com o lancamento do Hand Talk Plugin. A ferramenta transforma paginas de internet em espacos acessiveis para pessoas surdas, algo ate entao desconhecido pelo mercado. ""As empresas nem sabiam que tinham barreira de acessibilidade nos sites. Tinhamos que educar o mercado."" O primeiro grande cliente foi o Magazine Luiza, parceiro da startup ate hoje. Hoje, ja trabalha com Chevrolet, Hershey's, LG, Sodexo e Samsung. Em 2018, a startup captou R$ 2,5 milhoes, seguida por mais R$ 3,5 milhoes no programa Google Impact Challenge. Neste meio tempo, a Hand Talk lancou novas versoes do aplicativo para smartphone, um novo avatar chamado Maya, contratou 100 funcionarios. O capitulo mais recente da historia e a aquisicao pela Sorenson, uma das maiores empresas de tecnologia para pessoas surdas no mundo, anunciada em janeiro de 2025.",https://exame.com/negocios/a-tecnologia-de-maceio-que-ja-traduziu-3-bilhoes-de-palavras-e-agora-vai-ser-global/,2025-09-02
doc-16-3,startup-16,noticia,Hand Talk Case Study - Google for Startups,"Estima-se que 5% da populacao mundial sofre com problemas auditivos. Isso equivale a mais ou menos 466 milhoes de pessoas ao redor do mundo. No Brasil, esse percentual nao e muito diferente. Em 2010, o censo do IBGE apontou que 10 milhoes de pessoas sofriam com esse mesmo problema. Para romper as barreiras da comunicacao e torna-la cada vez mais inclusiva, nasce o Hand Talk, um aplicativo brasileiro que traduz audios e textos para a lingua de sinais. Criado em 2012 pelo publicitario Ronaldo Tenorio, o analista de sistemas Carlos Wanderlan e o arquiteto especialista em 3D Thadeu Luz, a ideia era, a principio, uma especie de dicionario de bolso. Alem disso, o aplicativo tambem conta com uma sessao educativa chamada Hugo Ensina. A acessibilidade digital, apesar de estar prevista na lei brasileira desde janeiro de 2016, ainda e uma realidade distante no pais: somente 0,74% dos sites brasileiros sao acessiveis. Como a lingua de sinais nao e universal, os fundadores da startup, ao participarem do Desafio de Impacto em Inteligencia Artificial do Google, a empresa foi uma das 20 organizacoes selecionadas, sendo a unica brasileira, para receber um aporte de US$ 750 mil do Google.org. A ASL e uma das linguas de sinais mais utilizadas no mundo, estando presente na comunicacao de cerca de 2 milhoes de pessoas nos Estados Unidos.",https://startup.google.com/intl/pt-BR_ALL/alumni/stories/handtalk/,nao encontrado
doc-17-1,startup-17,site institucional,"Cobli - Rastreamento, telemetria e gestao de frotas","Rastreamento de frotas Cobli: descomplique sua gestao. A plataforma que potencializa sua frota com videotelemetria, telemetria e aplicativos moveis! Reduza custos, melhore a produtividade e otimize jornadas de trabalho com uma plataforma que oferece a visibilidade mais detalhada do mercado. 25% de reducao de acidentes na frota. Solucao para os principais problemas da sua gestao. O rastreamento com videotelemetria e telemetria permite ter mais controle e visibilidade da operacao. Custos: eliminacao de gastos com combustivel, manutencao e custos administrativos. Produtividade: identificacao de melhorias, aumentando servicos e entregas. Controle: conformidade operacional e regulamentar para uma gestao com mais fluidez. Seguranca: melhores condicoes de seguranca e protecao dos funcionarios e terceiros. Cobli Cam Fadiga: aumente o cuidado e previna acidentes. Mais seguranca para a sua operacao com a solucao de videotelemetria que, por meio de Inteligencia Artificial, identifica automaticamente sinais de cansaco, distracao ao volante e direcao perigosa, permitindo ao gestor realizar verificacoes em poucos minutos. Telemetria avancada via Rede CAN: dados precisos e confiaveis. A telemetria avancada via Rede CAN oferece uma leitura completa dos dados diretamente da central eletronica dos veiculos, proporcionando mais visibilidade e confiabilidade sobre todas as informacoes da sua frota. Descomplicamos a gestao e potencializamos a sua frota. Nossa plataforma de inteligencia ajuda gestores a conectarem suas frotas a melhor versao que elas podem ser. +R$ 350 milhoes em investimento. Todos os estados do Brasil e 04 paises. +01 bilhao de dados analisados desde 2017. Premio Harvard New Ventures. 400 Coblers colaborando para conectar frotas as suas melhores versoes. + 150 industrias: atendemos diversos tipos de industrias e servicos, em todo o Brasil.",https://www.cobli.co/,nao encontrado
doc-17-2,startup-17,blog,Saiba tudo sobre a historia da Cobli,"A historia da Cobli comeca em 2015 quando Parker Treacy, empreendedor americano do setor automotivo-financeiro, graduado em Matematica pela Universidade Duke e MBA pela Universidade de Harvard, encontrou no Brasil uma grande oportunidade de negocios. Com foco inicial em B2C, o intuito da Cobli era vender o dispositivo Cobli para motoristas, a fim de simplificar os cuidados com o carro. Na epoca, a empresa tinha apenas cinco funcionarios. Inauguramos tambem, junto com a Liberty Seguros, o conceito de precificacao dinamica de seguro, que avaliava os motoristas segurados por meio de algoritmos de machine learning, entre outras tecnicas computacionais, com o objetivo de precificar o seguro de acordo com o perfil de direcao do condutor. Mas entao, nos decidimos mudar. Em vez de focar em B2C, entendemos que seria melhor para o mercado trabalhar com B2B. Em janeiro de 2016, lancamos nossa primeira plataforma para frotas inteligentes, desenvolvida utilizando analises de dados e aprendizado de maquina. Ainda em 2016, nos tornamos a primeira empresa da America Latina a conquistar o premio Harvard New Venture, da Universidade de Harvard. Graças ao potencial do nosso negocio, a Cobli desbancou 190 concorrentes. Pela excelencia no aumento da seguranca dos motoristas brasileiros atraves de machine learning, a Fundacao de Amparo a Pesquisa do Estado de Sao Paulo (FAPESP) nos concedeu R$ 579 mil. Chegando na reta final de 2019, levantamos uma rodada de US$ 10 milhoes, liderada pelo fundo americano Fifth Wall Ventures. Terminamos o ano com quase 150 Coblers. Nossos aparelhos, conectados aos veiculos de nossos clientes, coletam e transmitem mais de 5 mil tipos de dados diarios.",https://www.cobli.co/blog/cobli-nossa-historia/,2018-01-10
doc-17-3,startup-17,noticia,SoftBank compra participacao na startup brasileira Cobli,"O fundo japones SoftBank esta liderando uma rodada de financiamento de R$ 175 milhoes (aproximadamente US$ 35 milhoes) na Cobli, uma startup brasileira de logistica. O Latin America Fund da SoftBank e acompanhado pela Qualcomm Ventures na arrecadacao de fundos, assim como os atuais acionistas da Cobli, incluindo Valor Capital, informou o cofundador Rodrigo Mourad, que criou a startup em 2017, junto com Parker Treacy. A startup com sede em Sao Paulo gerencia frotas conectando um dispositivo aos veiculos e reunindo informacoes que ajudam a planejar melhores rotas e prevenir danos e atende a mais de 3.000 empresas, incluindo varejistas e firmas de manutencao de telecomunicacoes. De acordo com a Bloomberg, os recursos serao usados para lancar um produto de seguro e expandir sua base de clientes, alem de contratar mais 300 funcionarios ate 2022. O investimento na Cobli faz parte da expansao do SoftBank no Brasil. O conglomerado japones investiu em tudo, desde empresas de servicos de entrega, como Loggi, a banco digital, aluguel de casas, corretoras de criptografia a e-commerce. O Softbank planeja investir US$ 5 bilhoes adicionais em empresas latino-americanas, dobrando seu compromisso com a regiao, conforme informou a Bloomberg em julho.",https://www.suno.com.br/noticias/softbank-compra-participacao-startup-brasileira-cobli/,2021-07-21
doc-18-1,startup-18,site institucional,Insights by Logcomex - portal oficial de conteudo da Logcomex,"Insights by Logcomex - Valor para o seu negocio, informacao para o seu dia. Noticias. Reports. Materiais. Categorias. Sobre a Logcomex. Login. Criar conta. Indice: Dolar 5,102. Euro 5,937. Bitcoin 437.949,990. Ibovespa 184.846,860. Dow Jones 53.636,300. Nasdaq 26.560,670. CDI 14,250. SELIC 14,250. Noticias: Santos, PR, SC, RS e ES: Os portos que mais vao sentir o tarifaco. Comercio global: Bloqueio no Mar Vermelho, tarifaco em vigor e fretes disparando. Recorde de importacao de soja pela China, corrida por investimentos em terras raras e mais. Reports: Acesse nossos relatorios exclusivos e tenha insights na palma da sua mao. Informacoes precisas e atualizadas para impulsionar suas decisoes. Setor quimico: Impactos do tarifaco dos EUA na cadeia produtiva - Tarifa de 25% entrou em vigor em 22/07/2026. Segundo a Abiquim, efeito indireto sobre cadeias clientes pode superar US$1 bilhao. Importacao de Diesel: O Brasil tem risco de desabastecimento? O Brasil chegou ao segundo semestre de 2026 mais dependente do diesel russo do que em qualquer outro momento recente. Imposto de importacao de 35% e o mercado de veiculos eletricos e hibridos no Brasil. Materiais: Estudo sobre leadtime e monitoramento de supply chain no Brasil. Industria Farmoquimica Global: como a inteligencia de mercado impulsiona o crescimento brasileiro. Relatorio de importacao: segmentos quimico, petroleo e automotivo. Assine nossa newsletter. Links Uteis: Sobre a Logcomex, Codigo de Etica e Conduta, Transparency FAQ, Termos.",https://insights.logcomex.com/,nao encontrado
doc-18-2,startup-18,noticia,LogComex: startup cria solucao inteligente de comercio exterior,"Gerar inteligencias para as empresas que atuam no comercio exterior. A solucao, complexa, e a essencia da startup LogComex, fundada em 2016, em Curitiba, pelo CEO Helmuth Hofstatter, Carlos Souza e Almir Neves. A LogComex trabalha com tecnologia fina que visa a melhorar os resultados de operacao logistica das empresas. Com tecnologias de big data, tracking e automacao, a empresa desenvolveu uma solucao que coleta e analisa milhares de informacoes em tempo real, com vistas a garantir previsibilidade da cadeia logistica. A solucao e comercializada na modalidade de software como servico (SaaS - Software as a Service). Em 2017, foi acelerada pela ACCE, maior aceleradora da America Latina, que adquiriu 10% da empresa. Agora a startup esta conversando com outros fundos para uma captacao serie A - entre R$ 3 milhoes e R$ 5 milhoes. Segundo Helmuth Hofstatter, CEO da LogComex, a empresa coleta informacoes na cadeia, processando as transacoes e disponibilizando analises. A tecnologia faz o rastreamento da carga de importadores e exportadores em tempo real, da origem ao destino, acessando os sistemas dos fornecedores. Todo o rastreamento e processado em uma unica plataforma web na nuvem, concentrando informacoes coletadas dos operadores logisticos e fornecedores dos clientes. Hoje ja temos 140 clientes. O monitoramento e disponibilizado para o cliente, e sao gerados relatorios de localizacao e status das cargas.",https://www.gazetadopovo.com.br/economia/comercio-exterior-inteligente-startup-coloca-robos-em-toda-a-cadeia-logistica-buhmeab82mxsbfmlbbdnb2xnc/,2018-11-13
doc-18-3,startup-18,noticia,"Startup com tecnologia para Comercio Exterior recebe aporte de R$ 53,6 milhoes","A LogComex, startup que oferece inteligencia por meio de Big Data para o comercio exterior, recebeu um aporte de US$10,3 milhoes (R$ 53,6 milhoes) pela conversao atual - em rodada Series A liderada por Alexia Ventures e Igah Ventures, com participacao da Endeavor Scale Up Ventures e dos investidores atuais da companhia. A empresa, fundada em 2016, comecou sua operacao trazendo transformacao digital para portos e recintos alfandegados, expandindo depois para operadores logisticos como agentes de cargas, armadores e companhias aereas. Com o investimento, existem dois objetivos claros: aumentar a participacao no mercado de importadores e exportadores e acelerar o processo de internacionalizacao. A startup pretende tambem lancar novas solucoes para todos os segmentos de mercado que se conectam com o comercio exterior. Todas as empresas envolvidas no mercado de comercio exterior carecem de tecnologia, dados e inteligencia, seja para automacao de processos ou para informacoes mais assertivas. Existe uma assimetria muito grande de informacoes entre os diferentes players da cadeia, tornando o processo de importacao e exportacao muito complexo e ineficiente. As solucoes que a LogComex oferece transformam processos que, em muitos casos, ainda sao feitos manualmente. Sem dados assertivos, importadores e exportadores acabam perdendo tempo e dinheiro nesse processo.",https://startupi.com.br/startup-com-tecnologia-para-comercio-exterior-recebe-aporte-de-r-536-milhoes/,2021-08-06
doc-19-1,startup-19,site institucional,Sobre | Looqbox,"Sobre nos. No Looqbox, entregamos insights para a linha de frente das empresas. Nosso proposito: estamos comprometidos em entregar insights para a linha de frente e transformar a cultura de dados nas empresas. Nosso proposito e fornecer solucoes de analise de dados acessiveis e intuitivas, usando nossa tecnologia para transformar informacoes em insights, impulsionando o sucesso de cada colaborador e da empresa como um todo. Nossa historia. 2013: O produto Looqbox surgiu em dezembro de 2013, fruto da visao dos irmaos e entusiastas da tecnologia, Rodrigo Murta e Daniel Murta. Inspirados pela busca de uma solucao que simplificasse o acesso aos dados operacionais diarios para facilitar a tomada de decisoes, apostaram na Linguagem Natural como meio, e encontraram seu primeiro cliente na rede de supermercados St. Marche. 2015: Com investimento familiar inicial, o projeto se torna a startup conhecida como Looqbox. 2016: A jornada de inovacao continuou, com sua entrada no Cubo Itau em 2016. 2017: Em 2017 se iniciaram projetos com grandes empresas e a conquista do primeiro cliente, o Grupo Casas Bahia. 2022: Em 2022 recebeu um aporte de 15 milhoes de reais que veio reforcar sua trajetoria inovadora no universo do Business Intelligence. 2024: Hoje, o Looqbox e uma plataforma de insights para a linha de frente, permitindo consultas simples e eficazes, independentemente de conhecimento tecnico. Com mais de 4,1 milhoes de perguntas feitas nos ultimos 12 meses e R$11 bilhoes em vendas consultadas por mes, o Looqbox demonstra a acessibilidade aos dados na tomada de decisoes empresariais.",https://looqbox.com/sobre/,nao encontrado
doc-19-2,startup-19,blog,Looqbox na SBVC: fazendo o varejo brasileiro mais agil e eficiente,"O que Magazine Luiza, Via Varejo, GPA e Lojas Americanas tem em comum? As quatro das 10 maiores varejistas do Brasil fazem uso da solucao Looqbox, ou seja, estao apenas a um clique de ter acesso as suas informacoes estrategicas, seja pela equipe de vendas na ponta ou pelos tomadores de decisao C-level. A ferramenta de Business Intelligence (BI) da Looqbox, que funciona como um Google para os dados da empresa, conseguiu levar essas gigantes e seus demais clientes ao verdadeiro patamar de empresas data-driven, quer dizer: baseiam suas decisoes e planejamentos em analise de dados. Ranqueadas pela Sociedade Brasileira de Varejo e Consumo (SBVC), as 300 maiores empresas do varejo do pais tiveram, no ultimo dia 5 de dezembro de 2021, uma noite de comemoracao por sua expressiva atuacao na economia nacional. Dada a importancia do evento, a Looqbox participou e figurou como uma de suas patrocinadoras. De acordo com o CEO Rodrigo Murta, a presenca da startup no premio foi fundamental para colocar em pratica uma de suas premissas de vendas preferida, a triade Conhecer-Gostar-Confiar. A participacao no evento ajuda a fechar essa triade: as empresas presentes passam a conhecer a solucao, sua praticidade e o valor que ela agrega; tomam conhecimento das grandes marcas que ja usam o Looqbox; e isso chancela a confianca em nos, pois essas grandes marcas passam a credibilidade do nosso produto, explica Murta. A conjuntura de pandemia forcou a aceleracao do processo de digitalizacao dessas empresas de varejo.",https://looqbox.com/blog/looqbox-sbvc/,2021-12-15
doc-19-3,startup-19,noticia,Os irmaos de Belem do Para que sonham em organizar as empresas do Brasil,"Quando voce pensa em inteligencia artificial, o que vem a mente? Talvez o ChatGPT, aquele que conversa e entende as perguntas de forma simples e rapida. Agora, imagine uma versao corporativa dessa tecnologia, capaz de acessar diretamente os dados de vendas, estoque e desempenho da empresa, tudo em tempo real. Essa e a proposta do Looqbox, que acaba de anunciar o lancamento do produto Agente de Dados. Criado por Rodrigo e Daniel Murta, o Looqbox surgiu em 2013 para resolver um problema simples, mas crucial no mercado: a dificuldade das empresas em acessar dados estrategicos de forma rapida e pratica. Cerca de doze anos atras, os irmaos de Belem do Para, com formacoes complementares em fisica e administracao, decidiram se juntar para empreender. Os dados existiam, mas nao chegavam a linha de frente no ritmo do varejo, conta Rodrigo, CEO da empresa. Antes, as equipes dependiam de relatorios, planilhas e analises demoradas. A plataforma da Looqbox permitiu que qualquer colaborador consulte dados em linguagem natural e tome decisoes mais rapidas. Comecamos com pilotos na rede St. Marche, focando em casos de uso de frente de loja com impacto claro em venda, diz Rodrigo. Em 2017, vieram projetos com grandes empresas, como o Grupo Casas Bahia - validacao que consolidou a tracao do Looqbox. De la para ca, a startup atingiu uma base de 40 mil usuarios e acompanha mais de R$ 68 bilhoes em vendas anuais. Hoje, o Looqbox fatura R$ 10,8 milhoes por ano e espera alcancar R$ 18 milhoes ate 2026 com o lancamento de um novo produto.",https://exame.com/negocios/looqbox-agente-dados-ia-inteligencia-artificial/,2025-08-25
doc-20-1,startup-20,site institucional,"Semantix - We Design, Build and Run Intelligent Enterprises","We Design, Build and Run Intelligent Enterprises. Operating AI-Driven Intelligent Enterprises at Scale. A Semantix e a plataforma que orquestra Empresas Inteligentes. Desenhamos, construimos e operamos ambientes empresariais em escala, transformando dados e inteligencia artificial em motores reais de eficiencia, decisao e evolucao continua dos negocios. Semantix Intelligent Platform: a transformacao de negocios complexos em Empresas Inteligentes exige mais do que tecnologia isolada. Ela exige uma arquitetura unificada. A Semantix Intelligent Platform e o nosso motor de orquestracao, construida sobre tres competencias estruturais e um ecossistema de parceiros integrado. Semantix AI Enterprise Suite: arquitetura de Inteligencia Artificial proprietaria que transforma tecnologia em resultados de negocio mensuraveis atraves da orquestracao de humanos e agentes inteligentes. Nossa suite integra dados, orquestracao, seguranca e governanca. Deep Data & Engineering: capacidade comprovada na construcao de fundacao de dados modernas, governadas e estruturada para sustentar inteligencia artificial em escala. Industrialized Enterprise Operations: capacidade de implementar, executar e operar ambientes criticos 24x7 com disciplina operacional enterprise. Nossos numeros falam por nos: +30 anos de experiencia em projetos de tecnologia; 24x7 suporte a operacoes criticas; +500 empresas atendidas pelo mundo. DNA Latino-Americano: Sao Paulo (BR), Londrina (BR), Porto Alegre (BR), Argentina, Uruguay, Colombia. Certificados de Seguranca Semantix: ISO 27001, ISO 27701, PCI-DSS, AICPA SOC 2 Type II.",https://www.semantix.ai/,nao encontrado
doc-20-2,startup-20,noticia,Semantix anuncia suite de IA dedicada a governanca,"Em um cenario de crescente adocao de Inteligencia Artificial nos negocios e avanco das regulamentacoes no Brasil e no mundo, a Semantix - deep tech brasileira referencia em Big Data, Analytics e Inteligencia Artificial - anuncia o lancamento do Safetix, sua nova solucao proprietaria de governanca de IA. Desenvolvido para atender as necessidades de conformidade regulatoria, transparencia operacional e seguranca reputacional, o Safetix surge como uma das poucas ferramentas do mercado com foco exclusivo em governanca de Inteligencia Artificial. Segundo dados da IDC (2024), 90% das grandes empresas brasileiras ja utilizam IA em processos criticos. Ao mesmo tempo, cresce a pressao regulatoria: o Projeto de Lei 2.338/2023 preve multas de ate R$ 50 milhoes por infracao e a LGPD ja resultou em sancoes importantes por falhas na protecao de dados. No cenario internacional, legislacoes como o AI Act europeu e normas setoriais nos EUA moldam um ambiente cada vez mais exigente para organizacoes que operam com IA. O lancamento marca tambem um novo momento da companhia, com foco em solucoes proprias, eficiencia operacional e geracao de valor em longo prazo. Vivemos um momento muito desafiador globalmente e agora estamos olhando no longo prazo com uma companhia geradora de caixa, com solucoes proprias, governanca, cultura e eficiencia, destaca o CEO da Semantix, Leonardo Santos.",https://inforchannel.com.br/2025/09/29/semantix-lanca-a-primeira-suite-de-ia-do-brasil-dedicada-a-governanca-unindo-visao-de-dados-inteligencia-artificial-e-conformidade-regulatoria/,2025-09-29
doc-20-3,startup-20,noticia,"Ele criou uma IA 100% brasileira, tirou a empresa da Nasdaq e vai faturar R$ 120 milhoes","Leonardo Santos cresceu na zona norte de Sao Paulo, filho de uma familia de classe media que apostou na educacao como diferencial. Estudou no Senac, teve os primeiros contatos com tecnologia ainda adolescente e, ja na vida adulta, passou pela Microsoft. Foi ali, trabalhando com grandes plataformas globais, que entendeu um incomodo que se tornaria missao: o Brasil consumia tecnologia, mas nao criava propriedade intelectual. Esse incomodo se transformou em oportunidade. Em 2010, Santos fundou a Semantix, quando o termo inteligencia artificial ainda era restrito ao meio academico. Comecou com projetos de big data, vendendo a ideia de que dados poderiam virar valor de negocio. O machine learning ja era real naquela epoca. So que ninguem chamava de IA, diz o executivo. O mercado era cetico, as empresas nao sabiam nem por onde comecar. A missao da Semantix era quase de evangelizacao. Mais de uma decada depois, a empresa ja tinha atendido bancos como Bradesco, comprado startups e se tornado a primeira deep tech da America Latina a abrir capital na Nasdaq. So que o que parecia um apice virou ponto de inflexao. Dois anos apos o IPO, Santos decidiu tirar a empresa do pregao americano, retomar o controle e voltar ao Brasil.",https://exame.com/negocios/ele-criou-uma-ia-100-brasileira-tirou-a-empresa-da-nasdaq-e-vai-faturar-r-120-milhoes/,2025-10-03
doc-21-1,startup-21,site institucional,Aquarela Analytics - AI for all: Resultados otimizados com eficiencia,"AI for all: Resultados otimizados com eficiencia. Impulsionando o potencial de grandes empresas com Inteligencia Artificial e Analytics. Solucoes objetivas para problemas complexos. Potencializando empresas com operacoes mais inteligentes. Otimizacao de receita, processos e maturidade analitica. Solucoes de Inteligencia Artificial e Analytics para desafios complexos. Utilizando nossa metodologia exclusiva de Cultura de Dados (DCM) e algoritmos de IA, entregamos solucoes inovadoras para diversos setores e industrias, desde o varejo ate a industria aeroespacial. Resultados obtidos por nossos clientes: +90mi de dolares em economia; -54% de deslocamento logistico; -8t de CO2 emitidos. Desenvolvemos solucoes de IA & Analytics que potencializam os resultados de grandes empresas. Data & AI Services - Transforme dados brutos em inteligencia estrategica com IA. Data & AI Solution - Solucoes avancadas em IA e analise de dados. Data & AI Products - Tecnologia de ponta para resolver desafios complexos. Mais de 10 anos de pesquisa e desenvolvimento aplicados a tecnologias exclusivas. DCM - Metodologia exclusiva para evolucao da maturidade analitica para uma organizacao data-driven. Aquarela Data Platform - Arquitetura modular que transforma dados em inteligencia escalavel para negocios data-driven. Clientes Globais e Nacionais: Randoncorp, Cyrela, Eleva Educacao, Prefeitura de Vitoria, Governo de SP, Governo Santa Catarina, RD Station, HC FMUSP, EATON, BRF, NTS, SPIC, Mercedes Benz, T-SYSTEMS, SIMAK, SCANIA, Telefonica Vivo, SOLAR BR Coca Cola, Auren, Embraer, Dow, Frasle, Frisia, Construtora Baggio, Atech. Nossos cases de sucesso: Gestao Orientada a Dados no Maior Hospital da America Latina.",https://aquare.la/,nao encontrado
doc-21-2,startup-21,blog,O que e inteligencia artificial (IA),"O que e inteligencia artificial (IA)? Na perspectiva de negocios, a Inteligencia Artificial pode ser dividida por seus paradigmas: simbolico, conexionista, evolucionista, swarm (de enxame) e ensemble (composta). Cada paradigma leva a um conjunto de possibilidades de aplicacao e consequentemente de negocios por conta de seus niveis de determinismo, generalizacao, reconhecimento de padroes, criatividade e autonomia. Iremos entender neste artigo o que e inteligencia artificial, as diferencas de cada paradigma - ilustrados por exemplos de aplicacoes -, e suas possibilidades na composicao de novos negocios de transformacao digital rumo a Industria 4.0. Para entendermos os paradigmas, precisamos primeiro discutir e esclarecer algumas duvidas a respeito de alguns conceitos em torno da IA. Inteligencia artificial e a automacao do comportamento inteligente, sendo dividida em cinco paradigmas (simbolico, conexionista, evolucionista, swarm e ensemble), cada um com diferentes possibilidades de gerar valor nos negocios da Industria 4.0. Dentre as diversas definicoes de IA, a que mais faz sentido no ponto de vista de negocios e justamente essa adaptacao da citacao de Luger e Stubblefield, feita em 1993: Inteligencia artificial trata-se da automacao do comportamento inteligente. Entendendo que produtos ou servicos geram negocios por meio da entrega de valor ao cliente final via encapsulamento do trabalho de alguem ou de algo. Da mesma forma que empacotamos toda a complexidade da producao de sorvete, vestuario, ou celulares em produtos e servicos, a possibilidade de automatizar o comportamento inteligente tem o mesmo apelo com relacao a percepcao de valor pelo cliente.",https://aquare.la/o-que-e-inteligencia-artificial/,2018-05-08
doc-21-3,startup-21,noticia,Aquarela Analytics e Embraer desenvolvem solucao com IA para aumentar eficiencia operacional,"A Embraer e a Aquarela Analytics realizaram durante dez meses uma avaliacao detalhada de mais de dois terabytes de informacao com o objetivo de promover uma maior integracao dos processos na cadeia de suprimentos. Dessa parceria, surgiu a solucao Smart Planning, que nao so otimiza o planejamento de estoque da Embraer, mas tambem permite estabelecer uma base solida para futuras inovacoes no segmento. O Smart Planning e a mais atualizada ferramenta de dados desenvolvida e integrada para tornar os processos da Embraer mais eficazes, conforme Dimas Tomelin, Vice-Presidente de Estrategia, Digital e Inovacao da Embraer. A ferramenta funciona como um painel de controle interativo sobre os materiais utilizados no processo produtivo das aeronaves, auxiliando o time de planejamento na gestao de compras e niveis de estoque a terem mais previsibilidade em caso de falta ou excesso de materiais gracas ao uso de inteligencia artificial e um modelo de predicao. Ao combinar o uso de duas metodologias - Agil por parte da Embraer e a Data Culture Methodology (DCM), da Aquarela Analytics - o projeto foi dividido em duas fases principais com duracao total de dez meses e contou desde a estruturacao de Framework para extracao, preparacao e desenvolvimento dos modelos de IA ate as camadas de visualizacao. Durante todo processo aplicamos toda nossa expertise em analise de dados, plataforma e algoritmos de inteligencia artificial para melhorar, transformar e integrar o sistema operacional da Embraer, afirma Marcos Santos, CEO da Aquarela Analytics.",https://www.acate.com.br/noticias/aquarela-analytics-e-embraer-desenvolvem-solucao-com-ia/,2026-02-05
doc-22-1,startup-22,blog,Contabilizei - Tudo o que voce precisa saber sobre contabilidade em portugues claro,"Tudo o que voce precisa saber sobre contabilidade em portugues claro. Conteudo completo e atualizado sobre contabilidade e impostos. Novo Anexo V e Extincao do Anexo VI - Saiba tudo sobre essas mudancas no Anexo VI e V. Calculadora do Novo Simples - Calcule automaticamente a Aliquota do Simples Nacional que sua empresa vai pagar. Calendario de Restituicao do Imposto de Renda - Veja quando voce vai receber a restituicao do IR. Tudo sobre o Imposto de Renda de Pessoa Fisica, ou IRPF - Tudo o que voce precisa saber para declarar seu imposto de renda. O que e o Contrato Social? - Explicamos tudo sobre o contrato social pra voce. NFS-e Nacional - A Nova nota fiscal de servico - Descubra tudo sobre a nova nota fiscal de servicos, NFS-e Nacional, e veja como voce vai ser afetado por ela. Como Integralizar o Capital Social da sua empresa - Veja o que e o Capital Social, qual sua Funcao e como Integralizar ele. Como Abrir sua Empresa (Gratis) - O passo a passo da abertura de empresa, tudo o que voce precisa saber para comecar seu negocio. Tabela de Atividades Permitidas no MEI - Veja a Tabela com o CNAE e descricao de todas as atividades permitidas no MEI. O Guia do MEI - Micro Empreendedor Individual. Contabilizei e Eleita uma das empresas mais Inovadoras do mundo. Lucro Presumido vs Simples Nacional: o que e, tabela e calculo. O Guia completo do Simples Nacional. Tabela NCM Completa. Tabela CNAE Completa. O que e o Pro-Labore e Distribuicao de Dividendos?",https://www.contabilizei.com.br/contabilidade-online/,nao encontrado
doc-22-2,startup-22,vaga,Carreiras na Contabilizei - portal oficial de vagas,"Transformamos a contabilidade com tecnologia de ponta, revolucionando a forma como micro e pequenos empreendedores cuidam de seus negocios no Brasil. Lider no segmento de abertura de empresas e gestao de CNPJs, a Contabilizei atende mais de 70 mil clientes em todo o Brasil com um time de mais de 1.200 pessoas. As solucoes incluem plataforma online, automacao de processos contabeis, integracao bancaria e fiscal, dashboards em tempo real, alem de atendimento com inteligencia artificial. Valores: Atuacao com proposito; Excelencia em resultados; Construcao colaborativa; Simplicidade operacional; Melhoria continua - Estamos 1% melhores todos os dias; Autenticidade. Modelos de trabalho: Remoto - Atividades realizadas remotamente em qualquer local do Brasil; Hibrido - Atividades realizadas ate 3x por semana remoto e ida ao escritorio. Escritorios em Sao Paulo e Curitiba, com atuacao em todo o Brasil. Programas de desenvolvimento: Impulsiona IA (programa para desenvolvimento estrategico em inteligencia artificial), AceleraTech (aceleracao de carreiras para profissionais de tecnologia), CTBZ Academy (universidade corporativa em formato LMS) e Liderei (desenvolvimento para gestores). Depoimento: Os treinamentos tem sido fundamentais para meu crescimento profissional. Alem de ampliar conhecimentos tecnicos, fortalecem confianca e capacidade de entregar com qualidade. Beneficios: plano de saude completo, odontologico, seguro de vida, psicoterapia online, acesso a academias (Total Pass), cartao flexivel de alimentacao (Flash Beneficios), programa de stock options (Invest-C) e dress code livre.",https://carreira.inhire.com.br/carreiras/contabilizei/,nao encontrado
doc-22-3,startup-22,noticia,"Apos aporte do SoftBank, Contabilizei planeja abrir 300 vagas em 2021 (Exame)","A Contabilizei, escritorio de contabilidade digital que tambem oferece servicos de abertura de empresas e conta para pessoa juridica, recebeu investimento do fundo japones SoftBank em janeiro de 2021. Fundada em 2013, a empresa passou de 10 mil clientes em janeiro para 30 mil em dezembro de 2020. A companhia tinha mais de 500 colaboradores em 2021 e, segundo dados do LinkedIn, a equipe cresceu 96% em dois anos. A Contabilizei possui escritorios em Curitiba (PR) e Sao Paulo (SP), mas informou ter diversas posicoes abertas para trabalho remoto em tempo integral. Com o aporte, a empresa planejava abrir cerca de 300 vagas ao longo de 2021, em areas como tecnologia, produto, contabilidade e atendimento, acelerando a estrategia de digitalizacao da contabilidade para micro e pequenas empresas brasileiras.",https://exame.com/carreira/apos-aporte-do-softbank-contabilizei-planeja-abrir-300-vagas-em-2021/,2021-01-14
doc-23-1,startup-23,site institucional,Olist - Ecossistema de Solucoes de Gestao AI First para seu Negocio,"Olist | Ecossistema de Solucoes de Gestao AI First para seu Negocio. Conecte e automatize sua operacao com o ecossistema de gestao AI First do Olist. ERP, integracoes e tecnologia para acelerar o seu negocio. Crie sua conta gratis. Economize ate 50% no frete com Envios da Olist. Vamos comecar! Informe o CNPJ e o CEP do local de coleta para continuar o cadastro. Lis da Olist - Onde IA e a sua operacao se conectam. O sistema completo do varejo, movido a IA. Nao use seu ERP. Comande. A Lis entende o seu negocio, aciona as solucoes certas e transforma dados em acoes. Operacao - Pedidos, estoque e expedicao no mesmo ritmo. Inteligencia - Riscos e oportunidades antes de virarem surpresa. Vendas - Canais conectados para voce vender mais. Financeiro - Notas, recebimentos e conciliacao em dia. Mais de 63 mil clientes confiam na Olist. Venda em todo canal sem multiplicar o trabalho. Conecte-se aos principais marketplaces, plataformas de ecommerce, logistica, pagamento e muito mais. +170 integracoes em um so lugar. Loja virtual completa - Aqui sua marca cresce sem limites com as ferramentas de crescimento nativas da plataforma e customizacao avancada. Sistema PDV - Ponto de venda integrado - Venda na frente de caixa e na frente do computador com a mesma agilidade: pedidos e estoque integrados, com controle de caixa preciso. Da venda a porta do cliente, sem dor de cabeca - Logistica simples para vendas online sem contrato e com frete ate 50% mais barato. Meios de pagamento - Ofereca as principais opcoes de cobranca de forma integrada, flexivel e totalmente segura. Antecipe recebiveis e parcele boletos em ate 12x com o cartao de credito de qualquer banco, direto pelo ERP. +63 mil clientes. +170 mil vendas por hora. +194 milhoes de NFs geradas (2025). Negocios que vao longe nao vao sozinhos.",https://olist.com/,nao encontrado
doc-23-2,startup-23,noticia,Olist: o unicornio do e-commerce que nasceu de uma loja de artesanato (InfoMoney),"Tiago Dalvi gosta de falar que o seu sucesso da noite pro dia levou anos para acontecer: foi uma longa jornada ate encontrar o modelo de negocios certo. Filho de empreendedores, o paranaense queria ajudar artesaos a venderem mais. O que comecou como uma pequena loja de shopping virou o Olist em 2015. A startup conecta empreendedores a marketplaces, ou permite que eles criem lojas virtuais proprias. Hoje, o Olist atende 100 mil empreendedores em mais de 180 paises. Em 2021, o ecossistema de e-commerce conquistou uma avaliacao de mercado de US$ 1,2 bilhao. Assim, o Olist virou um unicornio, seleto grupo de startups avaliadas em pelo menos US$ 1 bilhao. Vocês captaram mais de US$ 300 milhoes com investidores como SoftBank e Goldman Sachs, ate virarem um unicornio em 2021. A entrevista com Tiago Dalvi, fundador e CEO do Olist, foi ao ar no podcast Do Zero ao Topo, do InfoMoney, com o episodio completo disponivel em video no YouTube e em audio nas plataformas de streaming.",https://www.infomoney.com.br/negocios/olist-o-unicornio-do-e-commerce-que-nasceu-de-uma-loja-de-artesanato/,2022-04-06
doc-23-3,startup-23,noticia,Olist - Wikipedia (verbete da empresa),"Olist e uma startup brasileira que atua no segmento de tecnologia para varejo. A empresa possui solucoes que facilitam a gestao de lojas off-line e online (e-commerce) e tambem uma solucao de aceleracao de vendas dentro de marketplaces. O Olist foi fundado em fevereiro de 2015 por Tiago Dalvi, como uma derivacao da Solidarium, empresa criada em 2007 como uma loja de shopping que depois se tornou um marketplace para a venda de produtos artesanais. De um lado, o Olist concentra vendedores que desejam anunciar em marketplaces como Mercado Livre, Americanas e Amazon. Do outro lado, concentra os produtos de todos os vendedores em uma loja unica que fica visivel ao consumidor final. A empresa esta sediada em Curitiba, Parana, e tambem possui escritorios em Sao Paulo e Bento Goncalves. Atualmente o negocio reune 700 colaboradores e mais de 30 mil lojistas, alem de 2 milhoes de consumidores unicos a cada ano. A mudanca no modelo de negocio ocorreu apos uma aceleracao e rodada de investimento realizada pelo fundo 500 Startups. Outros fundos como Redpoint eventures, Valor Capital Group e SoftBank tambem sao investidores da empresa.",https://pt.wikipedia.org/wiki/Olist,nao encontrado
doc-24-1,startup-24,site institucional,Sobre a Nuvemshop - Lider em e-commerce na America Latina,"A Nuvemshop e a unica plataforma no Brasil e na America Latina que constroi de forma nativa o ecossistema completo de e-commerce: loja, pagamentos, logistica, marketing, IA e mais, para vender mais e operar com menos complexidade. Potencializamos o D2C (Direct-to-Consumer): seu canal, seus dados, sua marca. Desde 2011, construindo o ecossistema que mais de 180 mil marcas usam para vender. +R$10 bi em vendas anuais na America Latina. +4000 parceiros para te ajudar. +180 mil lojistas usam Nuvemshop. +15 anos no mercado. A Nuvemshop e fundada em Buenos Aires, Argentina. No mesmo ano, a equipe cresce de 5 para 12 pessoas e a empresa recebe US$ 300 mil de investidores-anjo. E lancada a Nuvemshop no Brasil, com tres funcionarios em Sao Paulo. Enquanto isso, os fundadores trabalham alternadamente entre um espaco de coworking no Brasil e o novo escritorio em Palermo, Buenos Aires. A Nuvemshop recebe um aporte de US$ 600 mil do fundo brasileiro Trindade Investimentos. O atendimento ao cliente deixa de ser reativo e torna-se proativo, e a empresa lanca sua API publica. A equipe ultrapassa 60 pessoas e ganha novos escritorios no Brasil e na Argentina. A base de lojistas sobe de 30 mil para 70 mil e a equipe cresce para mais de 360 pessoas. A plataforma e lancada oficialmente no Mexico. A Nuvemshop chega ao Chile com um investimento de US$ 10 milhoes. Em novembro, chega a Colombia com um investimento de R$ 53 milhoes. A base de lojas ativas ultrapassa 100 mil na America Latina. A Nuvemshop ultrapassa a marca de 180 mil marcas ativas em toda a America Latina.",https://www.nuvemshop.com.br/companhia,nao encontrado
doc-24-2,startup-24,noticia,Nuvemshop lanca IA para automatizar rotinas de lojistas (E-Commerce Brasil),"A operacao de uma loja virtual exige decisoes diarias sobre catalogo, pedidos, campanhas, conversao e atendimento. Para reduzir o tempo entre a identificacao de um problema e a execucao de uma acao, a Nuvemshop apresentou a Lumi, ferramenta de inteligencia artificial integrada a plataforma que usa dados da propria loja para gerar diagnosticos, sugerir caminhos e automatizar tarefas dentro do e-commerce. A Lumi e descrita como uma solucao nativa, contextualizada e executiva, conectada diretamente a fonte de dados de cada loja em tempo real. A solucao funciona como uma camada de IA agentica dentro do ambiente de gestao da loja: acessa informacoes como catalogo, historico de pedidos e metricas de conversao para apoiar o lojista em diagnosticos e acoes operacionais. Entre as possibilidades de uso estao a criacao automatizada de descricoes de produtos otimizadas para SEO e a identificacao de quedas repentinas nas vendas. Segundo estudo da Nuvemshop, 59% das marcas de alto faturamento apontam a falta de tempo para lidar com multiplas demandas como o principal obstaculo ao crescimento; outros 30% citam a dificuldade tecnica para dominar ferramentas de escala. A IA agentica ja engaja mais de 55 mil lojistas em cerca de 1 milhao de interacoes mensais e teria devolvido mais de 3,3 milhoes de horas de trabalho aos lojistas, com 92% de satisfacao. Alejandro Vazquez, cofundador e presidente da Nuvemshop, declarou: O problema nao e a falta de informacao, mas o tempo que se perde entre perceber o que precisa mudar e efetivamente agir.",https://www.ecommercebrasil.com.br/noticias/nuvemshop-lanca-ia-para-automatizar-rotinas-de-lojistas,2026-05-12
doc-24-3,startup-24,noticia,"Com R$ 6,5 bilhoes em vendas, Nuvemshop aposta em IA e mira novo publico (Exame)","Em 2025, os lojistas da base movimentaram R$ 6,5 bilhoes no pais, alta de 35% em um ano. Hoje, reune mais de 180 mil marcas e atende desde pequenos empreendedores ate empresas que processam mais de 100 mil pedidos por mes. Nos pagamentos, o Nuvem Pago ja processa mais de 60% do volume transacionado no Brasil. A empresa agora mira um novo publico: negocios de medio porte que ja tratam o canal online como parte central da operacao e buscam mais controle sobre dados, vendas e relacionamento com clientes. A meta e ampliar participacao no mercado brasileiro, hoje em cerca de 2%, e chegar a 5% nos proximos anos. Hoje, 72% dos lojistas da base ja usam IA em tarefas como descricao de produtos, imagens e atendimento, segundo o estudo NuvemCommerce 2026. Alejandro Vazquez, cofundador da companhia, e citado ao longo da materia com afirmacoes estrategicas sobre o futuro do e-commerce e a atuacao da plataforma.",https://exame.com/negocios/com-r-65-bilhoes-em-vendas-nuvemshop-aposta-em-ia-e-mira-novo-publico/,2026-03-23
doc-25-1,startup-25,site institucional,"Meliuz - Cupons de Desconto, Ofertas e Cashback","Cupom de desconto e cashback em centenas de lojas online. Cupons de Desconto, Ofertas e Cashback | Meliuz. Ative o cashback direto no site da loja e teste os cupons disponiveis automaticamente. E o melhor, e gratuito! Cadastre-se gratis! Mais de 50 milhoes de pessoas ja usam o Meliuz para ganhar cashback em suas compras. Melhores Cupons de Desconto. Melhores Lojas de Cupons e Cashback. Melhores Categorias de Cupons e Cashback. Quem usa o Meliuz? Meliuz: Sua referencia em cupons de desconto e cashback. Cashback: dinheiro de volta em suas compras online. O cashback, famoso dinheiro de volta, e um beneficio oferecido pelo Meliuz no qual parte do dinheiro que voce gastou em uma compra online acaba retornando para o seu proprio bolso. + 800 lojas parceiras. 38 cupons (Casas Bahia). 37 cupons (Amazon BR). 3% cashback (Netshoes). 1% cashback (KaBuM!). Ate 6% cashback (Fast Shop). Ate 15% cashback (Magazine Luiza). MELIUZ S.A. - CNPJ: 14.110.585/0001-07 - Endereco: Rua Jose Versolato, n. 111-B, Sala 3014, Bairro Centro, Sao Bernardo do Campo, SP - CEP 09750-730. Feito no Brasil para o mundo.",https://www.meliuz.com.br/,nao encontrado
doc-25-2,startup-25,site institucional,Meliuz - Relacoes com Investidores (CASH3),"Somos uma empresa de tecnologia que oferece solucoes digitais para conectar marcas e lojas aos consumidores finais. A Meliuz e negociada na B3 sob o ticker CASH3 e mantem uma central de relacoes com investidores com cotacao em tempo real, resultados trimestrais, fatos relevantes e comunicados ao mercado. Entre os comunicados listados aparecem: Meliuz informa reducao de participacao acionaria relevante; aumento de participacao acionaria relevante; e Meliuz anuncia novo programa de recompra de acoes e evolucao da estrategia de tesouraria em Bitcoin. As secoes do site institucional incluem Sobre a Meliuz (Quem somos, Grupo CASH3, Cultura, Imprensa e Glossario), Governanca Corporativa (estrutura acionaria, administracao, estatuto social e assembleias), Resultados (central de resultados, comunicados ao mercado e avisos aos acionistas), Apresentacoes e Eventos (apresentacoes, formulario de referencia e calendario de eventos) e Servicos ao Investidor (FAQ, mailing, contato com RI e cobertura de analistas). O ecossistema do Grupo CASH3 integra empresas como Meliuz, Picodi, Promobit, Melhor Plano e Muambator.",https://ri.meliuz.com.br/,nao encontrado
doc-25-3,startup-25,noticia,Empresa de BH reverte prejuizo milionario investindo em bitcoin (O Tempo),"A Meliuz, empresa de Belo Horizonte avaliada em quase R$ 700 milhoes, gerou curiosidade no mercado financeiro ao anunciar o balanco do segundo trimestre de 2025. A companhia reverteu um prejuizo de R$ 60 milhoes, registrado no mesmo periodo do ano passado, e anunciou um lucro de R$ 7,6 milhoes. O resultado foi impulsionado por uma valorizacao de R$ 30 milhoes nos investimentos em bitcoin da companhia. A Meliuz informou que o rendimento sobre os aportes em criptomoedas teve uma valorizacao de 908% entre o 1o e o 2o trimestre. A receita liquida consolidada da companhia no periodo atingiu R$ 97,8 milhoes, recorde para o periodo, representando alta de 12% frente aos R$ 87,6 milhoes do ano passado. Meliuz e um exemplo recente, mas Mercado Livre, Tesla e Strategy (antes MicroStrategy) sao exemplos de companhias que alocaram parte de sua tesouraria em bitcoin.",https://www.otempo.com.br/economia/2025/8/12/empresa-de-bh-reverte-prejuizo-milionario-investindo-em-bitcoin-qual-o-risco-da-operacao,2025-08-12
doc-26-1,startup-26,site institucional,Zenvia - Revolucione a jornada do seu cliente com uma solucao de IA completa,"Revolucione a jornada do seu cliente com uma solucao de IA completa. Venda mais e atenda melhor oferecendo experiencias mais pessoais, envolventes e fluidas. Zenvia Customer Cloud, IA completa para vender mais e atender melhor. Pare de apagar incendio no seu atendimento. Centralize, automatize e ganhe o controle da operacao com uma solucao de IA completa para gestao de atendimento. Ja sao mais de 10 mil clientes moldando um novo mundo de experiencias. A experiencia do seu cliente unificada de ponta a ponta com automacao de atendimento. Tudo em um so lugar. Uma solucao de IA completa, unificada e multicanal que permite que sua empresa gerencie toda jornada do cliente, da atracao ao pos-venda. Multicanalidade de ponta a ponta. Ofereca uma jornada com automacao de atendimento entre os canais de comunicacao mais eficientes. Experiencia rapida com fluidez. Conte com um portfolio completo, eliminando a necessidade de contratacao de diversas solucoes. Monitoramento e analise de dados: tome decisoes mais rapidas e estrategicas com dashboards inteligentes e insights unificados em um so lugar. ATRAIR CLIENTES: Atraia mais leads com campanhas personalizadas e disparos em massa por diversos canais. VENDER MAIS: Centralize a operacao comercial, reduza tempo de resposta e aumente sua conversao de vendas. ATENDER MELHOR: Centralize seu atendimento pos-venda com gestao completa de tickets. Transforme a experiencia do cliente com os nossos Agentes de IA. Com a Zenvia Customer Cloud, sua operacao conta com agentes de IA que automatizam tarefas repetitivas, geram insights e mantem o atendimento eficiente. Multiplos canais, para uma experiencia unica. O que e a Zenvia? A Zenvia e uma empresa de tecnologia focada em Customer Experience (CX).",https://www.zenvia.com/,nao encontrado
doc-26-2,startup-26,blog,Zenvia: empresa brasileira estreia na Nasdaq em IPO de R$ 1 bilhao (blog Zenvia),"As acoes da startup brasileira Zenvia comecam a ser negociadas nesta quinta-feira, dia 22, na Nasdaq, em Nova York. Em oferta publica inicial, os papeis da companhia foram precificados a 13 dolares, levantando 150 milhoes de dolares. A empresa americana de comunicacao em nuvem Twilio entrou com aporte de mais 50 milhoes de dolares na Zenvia, elevando o montante total para 200 milhoes de dolares. Considerando a ultima cotacao de fechamento do dolar, a empresa levantou cerca de 1,04 bilhao de reais. A Zenvia foi fundada em 2003 pelo empreendedor Cassio Bobsin em Porto Alegre. Especializada em servicos de comunicacao entre empresas e clientes, a Zenvia oferece diversos tipos de produtos, que vao de chatbot e rastreamento de pedidos ate em desenvolvimento de processos de vendas pelo WhatsApp. Sao mais de 8.000 companhias entre os clientes, em uma lista que ja teve do Rock in Rio a VTEX.",https://zenvia.com/blog/zenvia-empresa-brasileira-estreia-na-nasdaq-em-ipo-de-r-1-bilhao/,2021-07-22
doc-26-3,startup-26,noticia,Zenvia fatura quase R$ 1 bilhao (Baguete),"A Zenvia fechou o ano passado com um faturamento de R$ 960 milhoes, aumento de 19% em comparacao com 2023. Essa e a boa noticia. A ma e que o lucro caiu 10%, para R$ 345 milhoes, o que a empresa atribuiu a maior participacao da linha de negocios de envio de SMS na receita, assim como menores margens na area de software para comunicacao. A area de SMS (o que a empresa chama de CPaaS e e o negocio tradicional da Zenvia) cresceu 25%, enquanto as novas areas, oriundas de aquisicoes nos ultimos anos, cresceram 8%. O Zenvia Customer Cloud ja foi adotado por aproximadamente 6 mil empresas, das quais 20% sao clientes internacionais, mas gerou apenas R$ 180 milhoes em receitas em 2024. Apesar da aposta, porem, a participacao da area de solucoes de comunicacao na nuvem na receita ficou um pouco abaixo de 20%. A Zenvia foi fundada em 2003 com foco nesse mercado, que permite que empresas facam o disparo em massa de SMS, para fazer coisas como autenticacao de dois fatores numa abertura de conta bancaria. A maior aquisicao foi a Movidesk, uma companhia catarinense que oferece solucoes de help desk e service desk como servico, comprada por R$ 611 milhoes em 2022. A Zenvia abriu capital em julho de 2021 na bolsa americana Nasdaq, um fato inedito para uma empresa brasileira desse porte.",https://www.baguete.com.br/noticias/zenvia-fatura-quase-r-1-bilhao,2025-05-22
doc-27-1,startup-27,site institucional,Sobre - Nossa historia | Buser,"Sobre a Buser. Aqui temos a historia da Buser, que nasceu para abrir caminhos, evoluir com a tecnologia e levar as pessoas pra frente. Manifesto Buser: Acreditamos que a vida e melhor quando temos escolhas. No Brasil, a grande maioria das cidades sao ligadas por apenas uma empresa de onibus, e nossos aeroportos e ferroviarias sao insuficientes. Com isso, somos obrigados a pagar caro pela falta de opcao. Muitos brasileiros se arriscam no transporte clandestino, por nao terem recursos para as opcoes tradicionais. A Buser e uma alternativa segura e moderna. Conectamos pessoas que querem viajar para o mesmo destino com empresas de fretamento executivo. Nossa tecnologia compartilhada e sustentavel fomenta a mobilidade no Brasil, criando uma nova opcao de transporte segura, de qualidade e a precos justos. Assim como ja aconteceu no transporte privado por aplicativo nas cidades, e hora do transporte intermunicipal mudar para melhor. E para sempre. Nossa historia. Novembro de 2016: O conceito da Buser nasceu em novembro de 2016, quando Marcelo Abritta precisava organizar uma viagem de 30 familiares saindo de Minas Gerais ate Arraial da Ajuda, na Bahia, onde iria celebrar seu casamento. Para sua surpresa, fretar um onibus de 48 lugares para levar apenas 30 pessoas, e pagar os custos de deixar o onibus parado por 4 dias, alem das diarias e da acomodacao do motorista, era mais barato que comprar 30 passagens de ida e volta na unica empresa que opera a rota. Janeiro de 2017: Marcelo Abritta se associou a Marcelo Vasconcellos para desenvolver o projeto, encontrando potenciais economias de ate 60% em diferentes trajetos. Junho de 2017: a Buser nasceu em 2 de junho de 2017, inicialmente como uma pagina do Facebook, e atingiu 10 mil seguidores em menos de 30 dias. Setembro de 2017: fechou a primeira rodada de capital semente com fundos como Canary, Yellow Ventures e Fundacao Estudar Alumni Partners.",https://www.buser.com.br/sobre,nao encontrado
doc-27-2,startup-27,blog,Onibus da Buser: de onde vem e quais os seus diferenciais?,"A Buser funciona por meio do fretamento colaborativo, uma vertente que, apesar de ser novidade no Brasil, ja e comum em outros paises como Alemanha, EUA e Espanha, por exemplo. Trata-se de um modelo de negocio de intermediacao, o que permite que as passagens sejam mais baratas, uma vez que ha uma cobranca mais justa em forma de rateio. Por meio do fretamento colaborativo, o passageiro consegue se cadastrar no servico por meio do site ou aplicativo da Buser e entrar em um grupo de viagem para o destino e datas selecionados a fim de garantir um lugar no onibus fretado pela empresa, sendo que o valor do servico do frete e dividido por cada um dos usuarios. A viagem so e realizada quando ha determinada quantidade minima de passageiros pagantes, sendo que por meio da plataforma e possivel observar qual e a probabilidade de um grupo confirmar a viagem. A Buser e uma empresa de tecnologia que tem como objetivo conectar pessoas interessadas em viajar para o mesmo trajeto e, portanto, ela nao conta com uma frota propria. Na realidade, o que ha e uma parceria com empresas de onibus fretados que oferecem os seus servicos. E valido ressaltar que todas as empresas parceiras da Buser sao regulares e contam com autorizacoes de orgaos federais, como a Agencia Nacional de Transportes Terrestres (ANTT), para a realizacao de viagens.",https://blog.buser.com.br/dicas/onibus-da-buser-de-onde-vem-e-quais-os-seus-diferenciais/,2021-05-05
doc-27-3,startup-27,noticia,Como a Buser vem diversificando suas frentes de negocio para reduzir o custo de se viajar de onibus pelo Brasil,"Concorrencia acirrada das viacoes tradicionais. Batalhas juridicas contra regulacoes restritivas da Agencia Nacional de Transportes Terrestres. E o baque da pandemia, que durante meses fez despencar o turismo e os deslocamentos rodoviarios. Mesmo em meio a esses desafios, a Buser, plataforma de intermediacao de viagens de onibus, vem evoluindo sua forma de atuar. A Buser nasceu em 2017 para conectar pessoas e empresas de transporte rodoviario. A Buser fechava um valor fixo para fretar um onibus ocioso, anunciava a viagem, os passageiros dividiam a conta final e a startup ficava com 20% de comissao. Quanto mais gente ocupasse o veiculo, mais barato o trajeto. Essa modalidade de fretamento permite que as viagens sejam ate 60% mais baratas que as realizadas de forma convencional pelas grandes viacoes de onibus. A startup hoje ja esta presente em 24 estados, conectando 480 cidades e 4.162 trechos (contados separadamente, ida e volta). Mesmo tendo ficado tres meses sem viagens em 2020 por conta da quarentena, triplicou de tamanho em relacao a 2019. Os numeros mais recentes indicam nova aceleracao. A plataforma ja tem 4 milhoes de pessoas cadastradas, fechou agosto transportando 358 mil passageiros no fretamento colaborativo e tracou como objetivo crescer cinco vezes em 2021. Ficha do projeto: Buser. Inicio das atividades: 2017. Funcionarios: 250. Investimento inicial: R$ 20 mil. Sede: Sao Jose dos Campos (SP). Socios: Marcelo Abritta, Marcelo Coelho Vasconcellos.",https://www.projetodraft.com/como-a-buser-quer-reduzir-cada-vez-mais-o-custo-das-viagens-de-onibus/,2021-10-13
doc-28-1,startup-28,site institucional,Abra as portas para um novo morar - QuintoAndar,"Abra as portas para um novo morar. QuintoAndar. Encontre imoveis para alugar e comprar, agendamento de visitas online e contrato digital. Aluguel sem fiador e apoio em toda a compra de imovel. Anuncie gratis! Alugar. Comprar. Anunciar. QPreco. Consorcio. Alugue um lar para chamar de seu. Cidade. Bairro. Valor total ate. Quartos. Buscar imoveis. Chegou o Consorcio QuintoAndar. O unico com 10% de cashback. Alugar bem, sem complicacao e fiador. Agende visitas online, negocie sem intermediarios e assine o contrato digitalmente. Sem fiador. Sem deposito caucao. Sem filas. Como alugar no QuintoAndar. Casas para alugar: Aluguel de casas para morar bem com o QuintoAndar. Kitnets para alugar: Compacta e elegante. Encontre a kitnet ideal para voce morar bem. Apartamentos com 2 quartos: Apartamentos com mais quartos para voce e sua familia. Apartamentos mobiliados: Apartamentos com mobilia para facilitar sua mudanca e dia a dia. Comprar seu imovel e ter um cantinho so seu. Conte com nossos consultores para conseguir as melhores taxas de financiamento, tirar todas as suas duvidas e para qualquer suporte durante todo o processo. Como comprar no QuintoAndar. Conquistar um novo lar pagando menos. Com o Consorcio QuintoAndar voce conquista um novo lar sem entrada, sem juros, parcelas leves, cashback e resgate do saldo sem sorteio ou multa se comprar com a gente. Receba 10% de cashback. Resgate antecipado: Apos 60 parcelas, use o saldo pra comprar no QuintoAndar sem sorteio ou multa. Sem entrada e sem juros: Sem entrada e 50% mais economico que o financiamento. Financie seu imovel com nossa assessoria. Aqui voce pode contar com a nossa ajuda para financiar seu imovel de forma pratica. Ainda buscamos as melhores taxas para voce! Onde voce quiser, tem um QuintoAndar. Para proporcionar uma experiencia inesquecivel para quem precisa de um lar ou anuncia com a gente, o QuintoAndar aposta em design, seguranca e tecnologia de ponta. GRPQA Ltda. CRECI-SP J24.344 | CRECI-MG J5851.",https://www.quintoandar.com.br/,nao encontrado
doc-28-2,startup-28,vaga,QuintoAndar Carreiras - Portas abertas para voce,"Portas abertas para voce. Nos temos muito orgulho em ser o time que esta reinventando o mercado imobiliario e o jeito de morar. Aqui, as portas estao abertas para gente boa que e boa gente, pessoas transformadoras, apaixonadas pelo cliente e que entregam alem. Somos o Grupo QuintoAndar, o maior ecossistema imobiliario da America Latina. Guiados por um proposito compartilhado de ajudar pessoas a amar o lugar onde moram, contamos com um portfolio diversificado de marcas e solucoes que contemplam todas as fases da jornada do morar. Nos implementamos solucoes nao obvias, assumimos riscos e estimulamos um ambiente fertil para novas ideias. Nos entregamos o novo porque trabalhamos juntos. A pagina de carreiras apresenta a linha do tempo de expansao do ecossistema do grupo a partir de 2013, as marcas e solucoes que compoem o portfolio da companhia e as areas com vagas abertas, alem de secoes sobre cultura, beneficios e diversidade, com a mensagem de que a empresa busca pessoas com diferentes experiencias, habilidades e trajetorias para compor um ambiente inclusivo. A pagina nao informa o numero total de colaboradores nem todas as localidades de atuacao, concentrando-se nos valores culturais e na jornada de crescimento do grupo.",https://carreiras.quintoandar.com.br/,nao encontrado
doc-28-3,startup-28,noticia,Por dentro do escritorio novo do QuintoAndar em Sao Paulo,"A startup brasileira QuintoAndar, que intermedeia o aluguel de imoveis em 30 cidades no Brasil, esta de casa nova. A empresa, fundada em Campinas em 2013 por Gabriel Braga e Andre Penha, inaugurou na ultima segunda-feira, 16, sua nova sede na Vila Madalena, em Sao Paulo. A sede antiga, em um predio da WeWork na avenida Paulista, ja nao comportava todos os empregados da companhia, que passou de 350 funcionarios em janeiro para 1.080 em dezembro de 2019. Antes de ocupar o predio 555 da Rua Girassol, os mais de mil funcionarios da startup estavam divididos em tres predios na avenida Paulista e no escritorio de tecnologia de Campinas. Sao tres predios no numero 555 da rua Girassol, um azul, um rosa e um verde. Os dois primeiros ja estao funcionando e acomodam os mil funcionarios da empresa. O endereco da nova sede e Rua Girassol, 555, Vila Madalena, Sao Paulo. A reportagem detalha a distribuicao dos ambientes entre os predios, as areas de convivencia e a capacidade de expansao do espaco para acompanhar o ritmo de contratacoes da companhia, que cresceu mais de tres vezes em numero de funcionarios ao longo de 2019.",https://exame.com/pme/por-dentro-do-escritorio-novo-do-quintoandar-em-sao-paulo/,2019-12-19
doc-29-1,startup-29,site institucional,"Hotmart - A plataforma para criar, vender e escalar seus produtos digitais","No lugar certo, voce ganha mais desde o primeiro dia. A Hotmart reune tudo que voce precisa da primeira venda ao proximo milhao. Cadastre-se agora. +250 mil negocios criados. +R$ 50 bilhoes faturado por produtores. 1 a cada 4 brasileiros ja comprou aqui. Crie sua conta agora. E gratuito. A plataforma para criar, vender e escalar seus produtos digitais. Crie cursos, e-books, mentorias e qualquer produto digital. Venda mais com ferramentas que aumentam sua conversao. Acesse a comunidade mais exclusiva do mercado digital. Dos novos empreendedores as potencias do digital. Servico 5 estrelas para voce e seu cliente. Suporte 24 horas para seus alunos: O Tutor com IA responde as duvidas dos seus alunos dentro do curso, 24 horas por dia. Atendimento que ajuda seu negocio digital a crescer: Suporte com pessoas que entendem seu negocio e acompanham voce desde o comeco. Plataforma robusta para um negocio digital estavel: Checkout confiavel, protecao contra fraudes e estrutura para quando suas vendas crescerem. A maior comunidade do digital. Voce nao precisa crescer sozinho: Imersoes presenciais, networking e eventos exclusivos: aprenda com quem ja chegou la e com quem vive o seu momento. Inteligencia de mercado que so a gente tem: Transformamos aprendizados de mais de 250 mil produtores em insights para voce vender e crescer. Uma comunidade certa para o seu momento. 6, 7 ou 8 digitos: cada grupo tem encontros, conteudos e beneficios pensados para os desafios do seu negocio. Nossa missao e fazer voce faturar mais. E quanto mais voce fatura, menor e a taxa. 9,9% + R$ 2,49 por venda. 8,9% + R$ 2,49 por venda. Sob medida: Negociacao personalizada. Crie seu produto, comece a vender e conte com a gente para crescer. Feito com amor em Belo Horizonte, em Madrid, em Amsterdam, em Bogota, na Cidade do Mexico, em Nova Iorque. Hotmart - 2011-2026 Todos os direitos reservados. Launch Pad Tecnologia, Servicos e Pagamentos Ltda. CNPJ no. 13.427.325/0001-05.",https://hotmart.com/pt-br,nao encontrado
doc-29-2,startup-29,noticia,De IA a produtos fisicos: como a Hotmart se prepara para mais 10 anos?,"Passado o Hotmart Fire 2025, que se encerrou no ultimo sabado (30/08), a impressao que fica da Hotmart e de que a empresa tem marcos importantes para celebrar. Da empresa que comecou timidamente em Belo Horizonte em 2011 ao unicornio de atuacao global que e hoje, a Hotmart celebrou sua trajetoria na 10a edicao do evento. Conforme destaca Paulo Vendramini, Chief Product Officer (CPO) da Hotmart, a inteligencia artificial tem se tornado o fio condutor para fazer da plataforma da empresa uma solucao de ponta-a-ponta para os criadores de conteudo publicarem e venderem seus conteudos digitais. Um dos principais anuncios feitos pela empresa durante o Hotmart Fire 2025 foi o lancamento de agentes de IA, automatizando tarefas de venda como ofertas de recompra, cobranca e recuperacao de vendas abandonadas. Segundo Paulo, os criadores que utilizam a Hotmart para vender e distribuir seus conteudos estao consumindo avidamente as novas funcionalidades. O ultimo marco divulgado pela Hotmart foi no fim do ano passado, quando bateu o total de US$ 10 bilhoes em valores transacionados desde a sua fundacao em 2011. De acordo com a empresa, cerca de 1 em cada 4 brasileiros ja comprou um conteudo na sua plataforma, que possui mais de 250 mil criadores cadastrados. A reportagem tambem trata do movimento da companhia em direcao a produtos fisicos e da ampliacao do ecossistema para alem dos infoprodutos, com foco em novas frentes de monetizacao para creators.",https://startups.com.br/hotmart-fire/de-ia-a-produtos-fisicos-como-a-hotmart-se-prepara-para-mais-10-anos/,2025-09-01
doc-29-3,startup-29,noticia,Hotmart Fire 2025 destaca insights sobre como faturar (muito) com digital,"O ultimo dia do maior evento de empreendedorismo e inovacao do pais, o Hotmart Fire 2025, reuniu em um bate-papo, em Belo Horizonte, tres dos maiores nomes no Brasil na area: Leandro Ladeira, Pedro Sobral e Rafael Leite. Os tres sao especialistas em marketing digital, fazem mentoria e sao responsaveis por muitos milhoes de reais em faturamento. Eles explicaram que, para dar certo vendendo produtos digitais, e preciso criar uma audiencia qualificada, ter bons produtos e nao parar. ""Nao recomendo movimento brusco. Lanca o seu produto primeiro, olha para os dados e pensa para o futuro"", orienta Ladeira. ""O que eu posso fazer que os outros nao fazem?"". E o que Rafael sugere que todos que querem entrar no mercado digital se questionem. ""Estamos falando de uma industria que tem 15 anos, a Creators Economy. Qual industria que a gente olha e pensa: sera que esta saturada? A industria acabou de comecar"", aposta Alexandre Abramo, diretor de Desenvolvimento de Mercado na Hotmart. Para ele, os principais compradores dessa industria nem entraram no mercado. ""O comprador de verdade e quem cresceu vendo YouTube e seguindo instagramer. Entao, a primeira geracao esta chegando agora"", afirma. Hoje, cerca de 67 milhoes de pessoas atuam como criadores de conteudo no mundo, de acordo com levantamento da consultoria Goldman Sachs divulgado em marco deste ano.",https://www.cnnbrasil.com.br/valor-de-marca/hotmart-fire-2025-destaca-insights-sobre-como-faturar-muito-com-digital/,2025-08-30
doc-30-1,startup-30,site institucional,Loggi - Empresa de entregas para todo o Brasil,"Frete barato e sem interrupcoes. Envie com a Loggi. Envios rapidos, baratos e entrega em todo o Brasil. Transporte com tecnologia de ponta a ponta. Nossos servicos de entrega se conectam com qualquer tamanho de negocio. Para todos: Envie de forma rapida e sem burocracia com a nossa plataforma. Negocios em expansao: Servicos ideais para a necessidade do empreendedor. Industrias e grandes negocios: Integracao direta e customizavel dos nossos servicos. Nossa IA garante a melhor rota para cada pacote a partir do custo, densidade e capacidade de armazenamento da agencia destino. 100% Cobertura nacional: Entregas rapidas para todo o Brasil. 1 Milhao de pacotes processados diariamente no maior sorter da America do Sul. +1700 pontos de coleta e distribuicao. +200 mil entregadores parceiros. Integracao com as principais plataformas do mercado. A Loggi se conecta ao ecossistema do seu negocio. Ferramentas gratuitas para o seu negocio. Tudo o que voce precisa para o seu negocio em um so lugar. Somos uma empresa de logistica que oferece solucoes simples e praticas, para pessoas e negocios. Levamos sua encomenda para qualquer local do pais com tecnologia propria e uma malha logistica robusta.",https://www.loggi.com/,nao encontrado
doc-30-2,startup-30,vaga,Carreiras | Loggi - Para chegar mais longe na sua carreira,"Para chegar mais longe na sua carreira. Confira as nossas vagas em destaque e venha mover o Brasil com a gente! A logistica que conecta o Brasil. O Brasil nao para, e a Loggi tambem nao. Nascemos em 2013 com DNA tecnologico, revolucionando o mercado com o primeiro aplicativo de alocacao de entregadores em tempo real e o uso pioneiro de Inteligencia Artificial para roteirizacao. A pagina destaca presenca em 100% do pais com mais de 4 mil municipios, conectando 22 mil clientes a 200 mil entregadores parceiros, processando meio milhao de pacotes diariamente e movimentando 0,5% do PIB nacional. A linha do tempo apresenta os marcos principais: criacao em 2013, operacao nacional em 2017, IA implementada em 2018, cobertura total em 2021, parcerias em 2022 e expansao de portfolio entre 2023 e 2026. Entre os beneficios oferecidos estao refeitorio, vale-refeicao, vale-transporte, plano de saude, plano odontologico, auxilio creche, auxilio pet, auxilio academia, seguro de vida, auxilio farmacia, licenca estendida, emprestimo consignado e plataformas de bem-estar e educacao. Na secao de diversidade, a empresa afirma: Buscamos pessoas com diferentes experiencias, habilidades e trajetorias, para compor um ambiente inclusivo, e mantem um banco de talentos especifico.",https://carreira.inhire.com.br/carreiras/loggi/,nao encontrado
doc-30-3,startup-30,noticia,"Loggi ganha mais de R$ 400 milhoes em investimentos, de olho no e-commerce","O Vision Fund do SoftBank investiu US$ 100 milhoes (na cotacao atual, 372 milhoes de reais) na startup de entregas Loggi, no Brasil, apostando no rapido crescimento do comercio eletronico do pais. Com sede em Sao Paulo, a Loggi direciona pedidos de entrega para entregadores proximos, desde motoboys ate vans. O aplicativo amplamente utilizado calcula a taxa e a rota. Co-fundada em 2013 por Fabien Mendez, que faz entregas ocasionalmente, a Loggi ja levantou US$ 3,3 milhoes com a Qualcomm Ventures e com o Dragoneer Investment Group, e esta levantando US$ 111 milhoes (409 milhoes de reais) no total nesta ultima rodada de financiamento. ""O Brasil esta carente de boa conectividade"", disse Mendez. ""O grande problema e a logistica. Pode levar uma media de 10 dias para uma entrega de comercio eletronico."" Alem de sua plataforma de tecnologia, a Loggi investira em robotica e engenharia. A empresa gerencia 12 mini-hubs em toda a cidade de Sao Paulo, onde os pacotes chegam para serem classificados em rotas eficientes em relacao ao tempo e ao custo e, em seguida, escolhidos pelos motoristas em menos de uma hora. A startup atualmente faz 3 milhoes de entregas e esta crescendo 25% ao mes, disse ele.",https://exame.com/pme/loggi-ganha-investimento-de-r-372-mi-do-softbank-de-olho-no-e-commerce/,2018-10-17
doc-31-1,startup-31,site institucional,Cupom de Desconto e Cashback em +2.000 Lojas - Cuponeria,"Cupons de Desconto e Cashback em +2000 lojas! Os melhores cupons de descontos para economizar! Cupom de Desconto e Cashback para economizar nas suas compras e aqui na Cuponeria, o maior Site de Cupons Gratis para mais de 2.000 lojas! Cupons de desconto: Destaques da Semana. Cupons de desconto: Ultimas novidades. Top cupons de desconto. Como usar o cashback: Ative seu cashback - Busque uma loja participante e clique em ""Ativar cashback"". Compre - Nos te direcionamos para finalizar a compra na loja. Resgate seu cashback - A loja nos avisa da sua compra em ate 7 dias. Sobre a Cuponeria: Quando pensar em como conseguir cupom de desconto, nao ha outra resposta possivel a nao ser ""CUPONERIA"". A Cuponeria trouxe o conceito de cupons de desconto para o Brasil. Com mais de 7 milhoes de membros, 2 mil marcas parceiras e ha 10 anos no mercado, o grande objetivo da empresa e fazer as pessoas economizarem em suas compras de dia a dia. O cupom de desconto e uma especie de vale que voce tem acesso e faz as suas compras com o preco abaixo do valor original. Para compras em lojas online, basta emitir o cupom, copiar o codigo de desconto gerado e colar no carrinho de compras no site ou aplicativo da loja parceira. Para compras em lojas fisicas, basta emitir o cupom de desconto e apresenta-lo no seu smartphone direto no estabelecimento. O cashback nada mais e do que o dinheiro de volta! Voce entra em determinado aplicativo e realiza as suas compras normalmente, aproveitando as lojas que vao dar esse percentual de dinheiro de volta depois da compra. Rodape: trabalhe conosco, termos de uso, politica de privacidade, fale conosco.",https://www.cuponeria.com.br/,nao encontrado
doc-31-2,startup-31,noticia,Cuponeria: a startup que introduziu o conceito dos cupons no Brasil,"Quando morava na Argentina, Nara Iachan usava frequentemente cupons de descontos. ""Este tipo de acao e bem comum por la."" A experiencia a inspirou a trazer o conceito para o Brasil. Foi em 2012, enquanto cursava Economia na UFRJ, que Nara compartilhou sua ideia com seu colega e hoje um de seus socios, Thiago Brandao. Inicialmente criaram um blog, com cinco cupons que conseguimos juntar oferecendo o servico de loja em loja em Copacabana. O modelo prosperou rapidamente, levando ambos a abandonarem seus estagios para dedicarem-se integralmente a empresa. A estrutura atual divide responsabilidades entre os tres socios: Nara gerencia marketing e relacionamento com usuarios; Thiago coordena vendas e estrategia; e Lionardo Nogueira supervisiona tecnologia. A reportagem do Projeto Draft detalha a trajetoria da startup carioca desde o blog inicial ate a plataforma de cupons de desconto com aplicativo proprio, passando pela negociacao com grandes marcas do varejo, pelo modelo de midia de performance cobrado dos anunciantes e pelos desafios de educar o consumidor brasileiro sobre o uso de cupons, habito ja consolidado em paises como Estados Unidos e Argentina. Os fundadores relatam ainda o processo de captacao de investimento e a decisao de manter a sede no Rio de Janeiro.",https://www.projetodraft.com/cuponeria-a-startup-que-introduziu-o-conceito-dos-cupons-no-brasil/,2017-07-03
doc-31-3,startup-31,noticia,Cuponeria e pioneira em cupons de desconto no Brasil,"Fundada em outubro de 2011 pelos socios Thiago Brandao, Nara Iachan e Lionardo Nogueira, a Cuponeria e a primeira e mais completa plataforma de cupons gratis do Brasil. A startup cresceu rapidamente e hoje distribui cerca de 1 milhao de cupons por mes, alem de contar com aproximadamente 4,5 milhoes de usuarios e mais de mil empresas parceiras, incluindo gigantes, como KFC, Unilever, Burger King, Ambev, Bradesco, Marisa e Carrefour. ""Desde a fundacao, focamos muito na experiencia do usuario. Queremos que as pessoas sintam amor pela Cuponeria e recebam o cupom como um presente. As parcerias trazem um excelente engajamento e gratidao por parte dos usuarios, que ficam sempre atentos as novidades da marca, acompanhando oportunidades e compartilhando com seus amigos e familiares"", destaca Nara, CMO da empresa. A Cuponeria desenvolveu um servico de midia de performance para o varejo offline, oferecendo cupons de descontos exclusivos com objetivo de proporcionar experiencias especiais e criar a cultura de uso de cupons no Brasil, ja muito forte em paises como Estados Unidos. A materia descreve ainda o funcionamento do aplicativo, a base de marcas parceiras e o posicionamento da empresa como pioneira do segmento no mercado brasileiro.",https://empreendedor.com.br/tecnologia/startups/cuponeria-e-pioneira-em-cupons-de-desconto-no-brasil/,2019-02-18
